Date,Temperature,Charge_Start,Charge_End,Daily_Mileage,Daily_Cycles,Total_Cycles,SOH
2021-09-03,18.467960834054477,20,80,84.96288845559596,0,0,99.99486935921668
2021-09-04,23.70851947304159,20,80,36.56080242387225,1,1,99.98984164994586
2021-09-05,7.484963673826028,20,80,60.84155043386339,0,1,99.98448788222447
2021-09-06,2.6174392148142323,20,80,81.60350781666999,1,2,99.97903466306147
2021-09-07,7.278742740235658,20,80,72.0533125854833,1,3,99.9736727619652
2021-09-08,6.331052622670919,20,80,77.94777359316504,0,3,99.96829040800266
2021-09-09,5.584544923755633,20,80,97.89292267909268,1,4,99.96289108254008
2021-09-10,9.46718579240144,20,80,66.28424650277408,0,4,99.95756811309921
2021-09-11,5.567997855950391,20,80,35.7626854509001,1,5,99.95216496211305
2021-09-12,17.47747467950905,20,80,50.618992269409546,1,6,99.94699871397552
2021-09-13,24.964053861556216,20,100,65.44766732519872,0,6,99.94198128580125
2021-09-14,18.035131724964973,20,80,64.87647974009138,1,7,99.93682289179236
2021-09-15,24.92935145860072,20,80,45.88591256779591,1,8,99.93180102153521
2021-09-16,6.760272323097938,20,80,45.600617676004376,0,8,99.92641281237259
2021-09-17,16.955570160159734,20,80,43.36869545769475,1,9,99.92122746597124
2021-09-18,21.058640137507595,20,80,41.986176680015475,0,9,99.91612317715222
2021-09-19,3.9231700625694863,20,80,61.94321446402184,1,10,99.91067242961134
2021-09-20,11.11994045153793,20,80,56.29349239370753,1,11,99.90536441541211
2021-09-21,6.419447375830892,20,80,77.6017859762093,0,11,99.89996037631163
2021-09-22,20.732073377278564,20,100,67.14942691861287,1,12,99.8948424118535
2021-09-23,1.8109750596274898,20,100,95.35120647998339,1,13,99.88934155099669
2021-09-24,4.900289089808937,20,80,53.741004018585286,0,13,99.88390141381531
2021-09-25,12.351025249567815,20,80,64.5022524020431,1,14,99.87860937402827
2021-09-26,22.34573560528532,20,80,95.76596602928372,1,15,99.87351681999105
2021-09-27,12.532734550315835,20,80,58.13148800601323,0,15,99.8682250326466
2021-09-28,5.4760513192196605,20,80,64.93497879693565,1,16,99.86278894874403
2021-09-29,20.70508922110688,20,80,42.20239509860304,0,16,99.85765862680994
2021-09-30,17.719758116089317,20,80,68.37471371900756,1,17,99.85246614635804
2021-10-01,13.126269675487903,20,80,74.089328120235,1,18,99.84717899408967
2021-10-02,14.153825136776819,20,80,71.53788591526221,0,18,99.84191115599181
2021-10-03,23.354429692464496,20,80,51.630532159513436,1,19,99.83682723706272
2021-10-04,18.29420715680215,20,80,41.10915274801194,0,19,99.83163967871697
2021-10-05,12.576055743118037,20,80,55.2854658862175,1,20,99.82633459678448
2021-10-06,0.19927185666895053,20,80,67.89713274195822,1,21,99.82077724624736
2021-10-07,23.513016267922808,20,80,75.83785966601621,0,21,99.81568999335985
2021-10-08,23.300330164998353,20,80,91.98816054781008,1,22,99.81059654781156
2021-10-09,2.1412208254917937,20,80,72.05921799619921,0,22,99.80507342383102
2021-10-10,20.06119017717794,20,80,90.5215408780924,1,23,99.79991111534653
2021-10-11,17.89155392381721,20,80,40.88127674928502,1,24,99.7947029418265
2021-10-12,8.165214992853166,20,80,55.31292249169742,0,24,99.7892962789753
2021-10-13,10.289221895836542,20,100,71.15782992518928,1,25,99.78393066402663
2021-10-14,11.88495130670702,20,80,87.13524810726432,1,26,99.77859541660415
2021-10-15,9.831125772163224,20,80,59.80723179395022,0,26,99.77321706650713
2021-10-16,21.411145911494632,20,100,62.961257557815266,1,27,99.76807168460043
2021-10-17,24.79671978807817,20,80,41.43098264320162,1,28,99.76299311572552
2021-10-18,6.7716003596082155,20,80,91.81110699358143,0,28,99.75754720324501
2021-10-19,15.000143400637775,20,80,87.01796518362761,1,29,99.7522664018617
2021-10-20,18.7703257184872,20,80,87.71684105828595,0,29,99.74706076777389
2021-10-21,-10.41251359609569,20,80,41.46348501362,1,30,99.74126010014811
2021-10-22,14.716772151551242,20,80,61.19895489274569,1,31,99.73596819712589
2021-10-23,44.078405198841764,20,80,71.70827284393695,0,31,99.73049599751742
2021-10-24,12.676333217280666,20,100,31.18248050673772,1,32,99.72515919399736
2021-10-25,3.223728816466029,20,80,99.85176134593819,1,33,99.71962803817316
2021-10-26,17.583909193047553,20,80,33.785054236547545,0,33,99.71438772374496
2021-10-27,13.506049104519018,20,80,81.15219067363894,1,34,99.70906242651571
2021-10-28,0.3999143008939804,20,80,32.176075262218504,0,34,99.70346871443465
2021-10-29,6.672428674027933,20,80,65.12744176346449,1,35,99.6980007557702
2021-10-30,12.562933891488598,20,100,86.74498085147683,1,36,99.69265085725404
2021-10-31,20.247164967133514,20,80,66.00347110198246,0,36,99.68745620433927
2021-11-01,1.094378759020348,20,80,97.21584158377482,1,37,99.6818689449519
2021-11-02,5.73301879296367,20,80,45.130989799085924,1,38,99.67637427850708
2021-11-03,19.561489587252623,20,80,62.943354663256976,0,38,99.67116039108282
2021-11-04,11.20951115385505,20,80,48.45487685130552,1,39,99.6657740396486
2021-11-05,1.0177773017852165,20,80,70.43399461585335,0,39,99.66017807555407
2021-11-06,18.718378822235472,20,80,79.25250148143499,1,40,99.65494170700164
2021-11-07,16.849177955571832,20,80,35.57578223942171,1,41,99.64966520109402
2021-11-08,11.200064049838446,20,100,48.993250609034924,0,41,99.64427177801295
2021-11-09,2.5154045447030344,20,80,95.75884488876387,1,42,99.63869874180845
2021-11-10,19.609399351805727,20,80,66.15680009907817,1,43,99.63347339778161
2021-11-11,18.419324628081004,20,80,33.253107418118184,0,43,99.62822229261506
2021-11-12,11.894978604439965,20,80,72.35179178161104,1,44,99.62283567791599
2021-11-13,5.529149969926175,20,100,31.24995012765103,1,45,99.61731670154552
2021-11-14,4.853754927168338,20,80,83.40382528415543,0,45,99.61178240563527
2021-11-15,15.211805651770394,20,80,36.11165195919722,1,46,99.6064583479464
2021-11-16,14.991492295222761,20,80,96.02993796585277,0,46,99.60112834393307
2021-11-17,24.503740860536915,20,80,58.517284222981885,1,47,99.59599144459854
2021-11-18,13.967302584488534,20,80,73.49884207415278,1,48,99.59063650570452
2021-11-19,17.055478308707603,20,80,95.76863719894247,0,48,99.58534349881872
2021-11-20,11.829160329067594,20,80,98.41072798343512,1,49,99.57994126164252
2021-11-21,19.2023964471305,20,100,30.057372783065873,1,50,99.57468844734133
2021-11-22,5.76561187762418,20,80,59.18194247660972,0,50,99.5691582254836
2021-11-23,11.241407981213925,20,80,76.42882305072669,1,51,99.56373848777574
2021-11-24,5.941617768814475,20,80,47.0898773209027,0,51,99.55820836764156
2021-11-25,4.8263973429059055,20,80,86.50857614008865,1,52,99.55265328511759
2021-11-26,12.82621579124461,20,80,38.228776180843894,1,53,99.54726070768274
2021-11-27,15.79792504980052,20,100,67.1859477141033,0,53,99.54192782667116
2021-11-28,1.7686931110496658,20,80,93.74270900022904,1,54,99.53630424069738
2021-11-29,2.940273689531081,20,80,80.29237516603087,1,55,99.53070271205733
2021-11-30,4.080688712994263,20,80,31.221950467642817,0,55,99.52512317114933
2021-12-01,6.338061576156015,20,80,82.64029509726291,1,56,99.5195880898403
2021-12-02,-10.40323122273191,20,80,63.727279385209194,0,56,99.51370652507292
2021-12-03,1.2469621547110874,20,80,88.7398145265357,1,57,99.5080629768963
2021-12-04,-1.4122895009997967,20,80,56.38818295339371,1,58,99.50236251701094
2021-12-05,-2.1179404983079726,20,80,42.704156336533366,0,58,99.49664597719996
2021-12-06,3.6587678129805727,20,80,58.49463017560471,1,59,99.49104655039125
2021-12-07,6.526915055031143,20,80,92.27361227390477,0,59,99.48550483121225
2021-12-08,2.826010932417625,20,80,96.96624419796613,1,60,99.47988466055129
2021-12-09,2.759449012485841,20,80,38.20487175074575,1,61,99.47426105581073
2021-12-10,6.715740316203025,20,80,31.35710369622577,0,61,99.46871769616871
2021-12-11,6.710182710539833,20,80,99.68643178883991,1,62,99.46317219151187
2021-12-12,-3.857269402780017,20,80,72.83057625290536,0,62,99.4574067219679
2021-12-13,6.625655271263845,20,80,74.05726157158918,1,63,99.45185595921869
2021-12-14,8.693177172725523,20,80,56.75136888343428,1,64,99.44634594293528
2021-12-15,2.5486619366782097,20,80,61.928190833698864,0,64,99.44070729123703
2021-12-16,4.207824183395395,20,80,78.55830060105654,1,65,99.43510092724856
2021-12-17,-3.2911144593716175,20,80,86.36033702010104,0,65,99.42933777368597
2021-12-18,1.0116153032815696,20,80,71.53463725561284,1,66,99.42366165075236
2021-12-19,2.4222051421567983,20,100,88.76255364695065,1,67,99.41801268595086
2021-12-20,-2.825277913973231,20,100,55.067431156442524,1,68,99.4122528664841
2021-12-21,4.562664935890053,20,80,86.89840197854019,0,68,99.40664472048238
2021-12-22,5.957458309521886,20,80,41.54030289309945,1,69,99.40106346022782
2021-12-23,-2.067636499553955,20,80,66.4833646143115,0,69,99.39531419154068
2021-12-24,5.8671213846003525,20,80,48.95751240242232,1,70,99.38972753272108
2021-12-25,9.058801715272315,20,80,89.94331683687943,1,71,99.38420511102288
2021-12-26,4.891727013108758,20,80,92.10208961055454,0,71,99.37859466707191
2021-12-27,1.1426005021066032,20,80,67.21308120814231,1,72,99.37290427345276
2021-12-28,-1.7666721498190565,20,80,75.15889416156841,0,72,99.36715190155695
2021-12-29,6.1543072109854045,20,80,73.66376916438489,1,73,99.36156212216338
2021-12-30,1.4169097732728284,20,80,93.90436932418153,1,74,99.35587176897984
2021-12-31,-3.9860775457369617,20,80,71.22339673020895,0,74,99.35006749711484
2022-01-01,8.174527936758736,20,100,64.30079463601128,1,75,99.34451420111537
2022-01-02,-3.449488464877514,20,80,59.349380100019545,1,76,99.33871686811833
2022-01-03,2.057045781217626,20,80,97.11639469079864,0,76,99.33303267450972
2022-01-04,2.8255087645419446,20,80,64.53407674054156,1,77,99.32736241918936
2022-01-05,-3.0743548890048937,20,80,83.77681306568283,0,77,99.32156771562504
2022-01-06,42.90895435256688,20,80,72.19801511434542,1,78,99.31598281216289
2022-01-07,-4.101546194974834,20,80,67.18495175863394,1,79,99.3101624661399
2022-01-08,4.231513596971675,20,80,71.56792688637569,0,79,99.30451440123868
2022-01-09,5.197617130515445,20,80,50.46004432418343,1,80,99.29888444008964
2022-01-10,6.568454891322668,20,80,94.29013631663567,0,80,99.29328160156122
2022-01-11,6.333778815074172,20,80,58.19060613428728,1,81,99.2876718243643
2022-01-12,-15.701869009379273,20,80,41.59654554712604,1,82,99.28159973260752
2022-01-13,-4.403271304286774,20,80,44.79736681211537,0,82,99.27576209897418
2022-01-14,-13.481693799597542,20,100,51.54276093488326,1,83,99.26973259620432
2022-01-15,-0.5585871155428306,20,80,63.392910888699404,1,84,99.26397110311571
2022-01-16,6.808066357631903,20,80,37.111882505674025,0,84,99.2583621531805
2022-01-17,-4.284211577495148,20,80,97.58321891766212,1,85,99.25251909745313
2022-01-18,-10.964117678578866,20,80,78.02795745454574,0,85,99.24653470755935
2022-01-19,-1.1378459514851844,20,80,89.60406159068125,1,86,99.24075385359856
2022-01-20,9.152070977010032,20,80,61.10022649486308,1,87,99.2351863944536
2022-01-21,-2.4000996700865573,20,80,89.10457501728499,0,87,99.22937547340574
2022-01-22,-4.949713985322774,20,80,91.13732333152403,1,88,99.2235090147091
2022-01-23,45.793584822433736,20,80,58.3310508991446,0,88,99.21783292951866
2022-01-24,48.45013856650125,20,80,66.580909920359,1,89,99.21209908062373
2022-01-25,-0.48221649795890364,20,80,67.7273993933932,1,90,99.20632052640369
2022-01-26,2.3833907297838506,20,80,64.17265542417289,0,90,99.20060057433535
2022-01-27,-1.1226864186574463,20,80,60.89727321135206,1,91,99.19480495795577
2022-01-28,5.452716619537744,20,80,77.43112149000592,0,91,99.1891458641398
2022-01-29,3.1325415045599883,20,80,37.10634866888598,1,92,99.18343598966663
2022-01-30,-3.906929183627171,20,80,93.14411572947603,1,93,99.17757614637343
2022-01-31,2.992209344231566,20,80,61.822520082075016,0,93,99.17185974988129
2022-02-01,3.489323739344078,20,80,39.35949706727428,1,94,99.16615173347569
2022-02-02,8.119407356648791,20,100,43.79057000849316,1,95,99.16053902403264
2022-02-03,2.5500532991661915,20,80,86.46275885759023,0,95,99.15480767962057
2022-02-04,5.459537649692182,20,80,36.87689144298432,1,96,99.14913548726331
2022-02-05,-4.381870592452274,20,80,59.58218127148892,0,96,99.14325464738072
2022-02-06,42.35001051363257,20,80,40.867568237013074,1,97,99.13762503520991
2022-02-07,42.43225717650689,20,80,46.01751790129309,1,98,99.13199165369659
2022-02-08,-2.5554536575973774,20,80,55.807091716378594,0,98,99.12614349428306
2022-02-09,-3.016920175745615,20,80,33.376417746960335,1,99,99.12028349309514
2022-02-10,3.005540646337959,20,80,74.12708607090372,0,99,99.11454892734638
2022-02-11,5.498630519041198,20,80,96.97248497288484,1,100,99.10886487027085
2022-02-12,6.3761698426200795,20,100,59.643255732134726,1,101,99.10319727366608
2022-02-13,2.216828787740373,20,80,84.82711165445573,0,101,99.09744041083664
2022-02-14,8.13788390043655,20,80,71.27838158730682,1,102,99.09180647223755
2022-02-15,45.21033637691779,20,80,82.73403793851996,1,103,99.08609978613705
2022-02-16,-3.280068412937753,20,80,43.61334275992013,0,103,99.08022113143296
2022-02-17,4.50278544865499,20,80,38.45896750544115,1,104,99.07450482599862
2022-02-18,-1.4109771231247197,20,80,71.39125500049761,0,104,99.0686620171405
2022-02-19,5.547033334771019,20,80,41.20480526530073,1,105,99.06296423188608
2022-02-20,6.843381955360041,20,80,70.00680711714105,1,106,99.05729181282467
2022-02-21,-2.636284481424436,20,80,88.41069490770599,0,106,99.05141732934862
2022-02-22,-0.21588745030664924,20,80,56.46520131128412,1,107,99.0455919584684
2022-02-23,3.5207229689344786,20,80,48.9116066403879,0,107,99.03984417526543
2022-02-24,6.049050845413339,20,80,65.73426489879152,1,108,99.03414786902648
2022-02-25,-0.011862824379020864,20,80,46.24798671183562,1,109,99.0283210947394
2022-02-26,0.5772599889706509,20,80,84.24315772369496,0,109,99.02250528233075
2022-02-27,-4.71665755825386,20,80,31.361646238821372,1,110,99.0165751405192
2022-02-28,1.1853057634046174,20,80,77.8419147463155,0,110,99.01076860660861
2022-03-01,19.757632587617543,20,80,33.941519799138604,1,111,99.00535396929136
2022-03-02,18.011161719839315,20,80,88.3019216227649,1,112,98.99990031973618
2022-03-03,10.583215367478058,20,80,87.83428945393004,0,112,98.99428757406064
2022-03-04,19.01813718223339,20,80,43.80249221374908,1,113,98.9888519196905
2022-03-05,13.058513274390641,20,80,87.10351578299839,0,113,98.98328826399714
2022-03-06,10.17955929550459,20,80,51.08719672740183,1,114,98.97766143530916
2022-03-07,5.50528028110079,20,80,55.41614450482025,1,115,98.97193322905711
2022-03-08,19.60175313580479,20,80,88.01634638520565,0,115,98.96650323282022
2022-03-09,5.328353664117051,20,100,67.07015567389388,1,116,98.96076770966278
2022-03-10,6.746620879330318,20,80,45.992373608082374,1,117,98.9550602999107
2022-03-11,17.658410884523448,20,80,97.3540952378022,0,117,98.94958362488256
2022-03-12,15.884082373011164,20,80,91.46219938780916,1,118,98.94406720743518
2022-03-13,7.192514405859109,20,100,66.22405109783324,1,119,98.93836370349031
2022-03-14,8.25116742908963,20,80,34.84567536769888,0,119,98.93268126667928
2022-03-15,14.853599922441525,20,80,78.45867802066874,1,120,98.92713748844979
2022-03-16,12.116091909000943,20,80,67.42918963059478,0,120,98.92153391556423
2022-03-17,16.194384695491934,20,80,45.13920321593988,1,121,98.91601529423438
2022-03-18,19.50509059423073,20,100,75.44085508741418,1,122,98.91056531314223
2022-03-19,16.509341100666447,20,80,44.614790322639855,0,122,98.90504999582565
2022-03-20,45.94199077873757,20,100,71.31324672973469,1,123,98.89926693514994
2022-03-21,5.550275268739121,20,80,45.672172599674795,1,124,98.89351366293529
2022-03-22,17.694881070172435,20,80,48.72813015824292,0,124,98.88801827414484
2022-03-23,12.915705306906439,20,80,89.81852469851856,1,125,98.88241880728677
2022-03-24,5.667853562487639,20,80,30.60854066124418,1,126,98.87666242636803
2022-03-25,18.741569851239905,20,80,77.97607185489787,0,126,98.87118404546733
2022-03-26,14.894235987615588,20,80,90.24850567355527,1,127,98.86562142245798
2022-03-27,8.490455136834655,20,80,70.16740491336559,0,127,98.85992036929086
2022-03-28,47.069458972530484,20,80,49.1946363300515,1,128,98.8540982963502
2022-03-29,11.25500882075649,20,80,36.50050530860232,1,129,98.84845233940698
2022-03-30,19.746579612236815,20,80,63.81033323182039,0,129,98.8429867437953
2022-03-31,8.23042986818335,20,80,47.76491589024702,1,130,98.83727251475331
2022-04-01,8.412301355726056,20,80,83.94950991427154,0,130,98.8315607016712
2022-04-02,8.376238090616571,20,80,47.63698501480004,1,131,98.8258460718923
2022-04-03,5.819387928166428,20,80,47.152812730077784,1,132,98.82007457643621
2022-04-04,17.938511322594742,20,100,39.4405072986552,0,132,98.81456149968352
2022-04-05,10.280005926813399,20,80,57.88891803292937,1,133,98.80888214442183
2022-04-06,6.227674024893108,20,80,46.67687568491202,1,134,98.80311378810715
2022-04-07,5.542087251777658,20,80,68.48238703650705,0,134,98.79732922155274
2022-04-08,14.598069479569357,20,80,79.89965170064917,1,135,98.7917370658382
2022-04-09,13.40182586505542,20,80,69.37995935289914,0,135,98.78611776791486
2022-04-10,19.231038106394344,20,80,89.40980047529283,1,136,98.78062172261562
2022-04-11,-10.63301243778047,20,80,98.19787295484073,1,137,98.77448175694538
2022-04-12,12.278641678526952,20,80,66.29904656687879,0,137,98.76883284077529
2022-04-13,15.230457313203377,20,100,78.39835515906185,1,138,98.76324539918012
2022-04-14,14.982099448856658,20,80,78.24490174611387,1,139,98.75765061937462
2022-04-15,7.338665197987941,20,80,33.943404242257984,0,139,98.75188988951612
2022-04-16,17.691343240479387,20,80,57.3391427252748,1,140,98.74634999888833
2022-04-17,18.04223752791937,20,80,94.84166303855837,0,140,98.74081623536306
2022-04-18,17.917317517796306,20,80,71.36311415410637,1,141,98.7352778070629
2022-04-19,7.861258744103084,20,80,46.33861602451705,1,142,98.72952068526598
2022-04-20,17.07123962150593,20,80,36.99717397280187,0,142,98.7239606148994
2022-04-21,14.479786939263006,20,80,38.633752901165124,1,143,98.71834267993952
2022-04-22,10.273944037370953,20,80,50.591172639355975,0,143,98.7126325776422
2022-04-23,11.103704276152122,20,80,66.08060118962311,1,144,98.70693834512687
2022-04-24,8.033784053253935,20,80,47.7297721228134,1,145,98.70117581937969
2022-04-25,18.115718091815975,20,80,64.79879152186633,0,145,98.69562948644862
2022-04-26,5.49231626302595,20,80,77.80037915286228,1,146,98.6898085324944
2022-04-27,11.65878299412448,20,80,39.361427088743696,0,146,98.6841193007616
2022-04-28,7.520252886293425,20,80,49.29319305927811,1,147,98.6783386033613
2022-04-29,5.788708111493976,20,80,72.08130345438612,1,148,98.67251841395469
2022-04-30,8.7499292506266,20,80,39.626438512680956,0,148,98.66676076390694
2022-05-01,11.844440343520187,20,80,86.77818596327421,1,149,98.66106800836471
2022-05-02,12.412367211869046,20,80,81.30161424461619,0,149,98.65538607831803
2022-05-03,19.4255384942324,20,80,61.270164746051904,1,150,98.6498539345304
2022-05-04,12.120366667049467,20,80,82.4347890718833,1,151,98.64416164078905
2022-05-05,17.606251249681556,20,80,90.84737775697084,0,151,98.63858670459385
2022-05-06,19.428860241860257,20,80,58.79405896913619,1,152,98.63304927761787
2022-05-07,19.41789095336695,20,80,33.44829707114678,0,152,98.62751019123498
2022-05-08,9.01756511349048,20,80,91.98287027051788,1,153,98.62174365692238
2022-05-09,17.129787273991738,20,100,91.01813119044307,1,154,98.61615101126878
2022-05-10,13.002582436999868,20,80,38.22252289753941,0,154,98.61046739778267
2022-05-11,5.416070577576372,20,100,65.32924087676385,1,155,98.60461713107976
2022-05-12,13.705048677137022,20,80,85.44499039673931,1,156,98.59894473181319
2022-05-13,15.57349115132722,20,80,86.08483091680992,0,156,98.59331145049575
2022-05-14,7.532785118350409,20,80,54.46447934931393,1,157,98.58750150992064
2022-05-15,15.505826230238473,20,100,93.78671901557911,1,158,98.58186276095945
2022-05-16,17.433909234834342,20,80,33.12741157691119,0,158,98.57626447518042
2022-05-17,10.246748273895275,20,80,41.958804779900014,1,159,98.57050793376759
2022-05-18,13.089639469549697,20,80,50.68780294284318,1,160,98.56481118681388
2022-05-19,6.588033096719341,20,80,74.39720194404991,0,160,98.55897153075841
2022-05-20,7.404854566105477,20,80,37.99139003070631,1,161,98.55314758282844
2022-05-21,13.07488316245411,20,80,91.12582238579645,0,161,98.54744557924015
2022-05-22,16.56796910896394,20,80,91.5924085532296,1,162,98.54181762602856
2022-05-23,19.760671610062378,20,80,32.97592485553689,1,163,98.53625723292402
2022-05-24,6.6605568561030575,20,80,76.80243552139206,0,163,98.53040995927716
2022-05-25,14.19314780965094,20,100,83.75245682044047,1,164,98.52472481348542
2022-05-26,7.8623472923265485,20,80,83.36409469084018,1,165,98.51889960617106
2022-05-27,14.054340292564657,20,80,94.45248911494458,0,165,98.5132079681093
2022-05-28,13.79554922093856,20,80,48.843656579288876,1,166,98.50750866990798
2022-05-29,5.834176135385288,20,80,33.528094582980806,0,166,98.50163416075682
2022-05-30,11.483430737756235,20,80,35.092389458188784,1,167,98.49588091208338
2022-05-31,18.614230436178374,20,80,45.85126060068335,1,168,98.49028136820431
2022-06-01,33.66984168397319,20,100,47.88134478284233,0,168,98.48463049830848
2022-06-02,28.78566752175545,20,80,39.26426374684645,1,169,98.47908436812284
2022-06-03,-10.597012712191555,20,80,87.42125820584434,1,170,98.4728408402804
2022-06-04,27.77392453155771,20,80,31.032778480506025,0,170,98.46731345988138
2022-06-05,-11.310614480587981,20,80,85.64510244407666,1,171,98.4610505250074
2022-06-06,16.849258091848647,20,80,31.34051829678971,0,171,98.4554021378319
2022-06-07,24.08233084962835,20,80,66.72925555315675,1,172,98.44991007333783
2022-06-08,22.85305062735579,20,80,42.16739065259816,1,173,98.4443891543691
2022-06-09,18.562621297877364,20,80,35.522134420306884,0,173,98.4387728642568
2022-06-10,18.434546431600243,20,80,88.69976650140117,1,174,98.43315178649587
2022-06-11,19.486690034342292,20,80,79.24108026464373,0,174,98.4275523356544
2022-06-12,30.013404727879745,20,100,72.21655166432619,1,175,98.42196186891593
2022-06-13,23.82771611618536,20,80,87.0177990292949,1,176,98.41645366651076
2022-06-14,33.94670756687633,20,80,59.51908298437512,0,176,98.41077352731467
2022-06-15,32.94964145555214,20,80,49.19601947303792,1,177,98.40511326483424
2022-06-16,23.65663096414199,20,80,97.13702294736595,1,178,98.39959602199569
2022-06-17,32.24826728217707,20,80,97.41932075314764,0,178,98.39394772595891
2022-06-18,30.484059637086087,20,80,78.49753444765628,1,179,98.3883361897983
2022-06-19,25.695844820293363,20,100,95.28609026713013,1,180,98.38282788421179
2022-06-20,19.198336933221974,20,100,86.8323368461972,0,180,98.37720596636835
2022-06-21,28.846195629704713,20,80,70.398408305827,1,181,98.37162506094815
2022-06-22,28.24024760327027,20,100,98.34414319513597,1,182,98.36605551779378
2022-06-23,30.968427884816215,20,80,69.63045654332504,0,182,98.36042454534966
2022-06-24,29.652450360412935,20,80,80.69420225750123,1,183,98.35482055161948
2022-06-25,21.833453464137087,20,80,72.98433407096269,1,184,98.34924729748599
2022-06-26,29.79857063021832,20,80,75.54727431550701,0,184,98.34363669383313
2022-06-27,23.222100677644264,20,80,86.29722661043758,1,185,98.3380906551211
2022-06-28,25.39214067717472,20,80,40.56305403879729,0,185,98.33257374381938
2022-06-29,21.149033894371243,20,80,33.15999885631774,1,186,98.32697865793443
2022-06-30,19.288710975660788,20,80,83.07370183203278,1,187,98.32134058831247
2022-07-01,20.380981262563488,20,80,58.33162617896769,0,187,98.31572518043177
2022-07-02,28.660817806353855,20,80,47.309305729142494,1,188,98.31012893965398
2022-07-03,-19.196000142148456,20,80,36.57858842250143,0,188,98.30363677320912
2022-07-04,20.126049249180703,20,80,95.66971802781838,1,189,98.29801037055415
2022-07-05,23.678079774023374,20,80,87.00770077956011,1,190,98.29246043203257
2022-07-06,26.519405032177247,20,80,31.59073035628773,0,190,98.28690472808262
2022-07-07,17.81126282653689,20,80,90.79268518406636,1,191,98.28122180302286
2022-07-08,47.81959842290162,20,100,55.10735396688347,1,192,98.27519137828865
2022-07-09,26.382451238195273,20,80,46.00831910918794,0,192,98.26963339796842
2022-07-10,24.41612872498469,20,80,93.42386135734566,1,193,98.26409113082123
2022-07-11,19.589216259638444,20,80,92.62870721542012,0,193,98.25844067833245
2022-07-12,29.69306463433881,20,80,56.049425598237875,1,194,98.25280412850138
2022-07-13,19.801840093435963,20,80,49.2212219972745,1,195,98.24715442089202
2022-07-14,16.28143822385129,20,80,95.12225516115208,0,195,98.2414253315426
2022-07-15,44.74403556739154,20,80,46.73408732257512,1,196,98.235450000096
2022-07-16,32.614384113242366,20,100,86.07067147416458,1,197,98.22974136387272
2022-07-17,33.43096537135467,20,80,60.25742472266745,0,197,98.22401318856461
2022-07-18,15.199525391680936,20,80,58.93635158962027,1,198,98.21825264132487
2022-07-19,19.384887251713263,20,80,51.07806926312747,0,198,98.2125834676105
2022-07-20,28.352239506277595,20,100,74.53132222653099,1,199,98.20696251430739
2022-07-21,23.679692480969535,20,80,80.25295618049945,1,200,98.20138469074585
2022-07-22,28.580312911410743,20,100,86.68497319682176,1,201,98.19575473926618
2022-07-23,16.77524706047401,20,80,93.69669322613755,0,201,98.19002022926622
2022-07-24,27.323552135445656,20,80,65.00472435501561,1,202,98.18441480998474
2022-07-25,40.657823788581254,20,80,71.24718568492041,0,202,98.17851168206957
2022-07-26,16.725299675403058,20,80,76.00558670340422,1,203,98.1727706065478
2022-07-27,16.245356943809163,20,80,78.72697869001712,1,204,98.16701685210052
2022-07-28,30.280424519529628,20,80,43.44418419664291,0,204,98.16133892420174
2022-07-29,21.445418978741568,20,80,70.53331964683748,1,205,98.1556974118824
2022-07-30,33.4428501283911,20,100,72.11705636217374,1,206,98.1499451282884
2022-07-31,16.231055330034167,20,80,70.09375920993511,0,206,98.14418413953439
2022-08-01,27.121220439140473,20,80,95.67787750623347,1,207,98.13856918941673
2022-08-02,25.174616408707855,20,100,65.9734317853108,1,208,98.13299564660305
2022-08-03,18.665595843330912,20,80,37.86373577651176,0,208,98.12728343849074
2022-08-04,30.228351759547493,20,80,78.21457141681887,1,209,98.12159389296811
2022-08-05,24.378150036558054,20,80,76.36446809251751,0,209,98.1160056335234
2022-08-06,32.26868319980632,20,80,99.73272916616061,1,210,98.11026716461953
2022-08-07,29.22535818798608,20,80,59.600410832592615,1,211,98.104594600352
2022-08-08,20.30252426994965,20,80,97.04372900848422,0,211,98.09891007661307
2022-08-09,23.878120104643568,20,80,68.17472029666914,1,212,98.09330340155357
2022-08-10,28.394415665006765,20,80,36.461644135959446,0,212,98.08764457080446
2022-08-11,34.123048939710486,20,80,56.54336370829431,1,213,98.08185579085612
2022-08-12,28.45127275777479,20,80,74.23419180349569,1,214,98.07619174486122
2022-08-13,32.582796108697934,20,80,38.25654044317291,0,214,98.07043392731944
2022-08-14,22.238522626568162,20,80,32.09314856005349,1,215,98.06478191407395
2022-08-15,34.8289542370604,20,80,35.077101354446704,0,215,98.05897041026077
2022-08-16,34.977676612723336,20,100,85.38693550376654,1,216,98.05315355547651
2022-08-17,24.215180385514483,20,80,87.16141494039275,1,217,98.0475404324787
2022-08-18,26.416995968626082,20,80,42.80302850559808,0,217,98.04191175244374
2022-08-19,15.670592193904891,20,80,62.823099824515886,1,218,98.03610391049533
2022-08-20,23.404979820932038,20,80,77.49949644491247,1,219,98.0304673246902
2022-08-21,23.110820913858834,20,80,54.09904243535395,0,219,98.02482273828178
2022-08-22,27.033388009122458,20,80,38.10241973532577,1,220,98.01917295622947
2022-08-23,16.658420783348102,20,80,86.4702744076269,0,220,98.01338031800364
2022-08-24,15.688869840614473,20,80,69.3841291970585,1,221,98.00756391891282
2022-08-25,21.55980721325061,20,80,73.99345896657877,1,222,98.00187723036676
2022-08-26,20.974100288828176,20,80,66.68264433214087,0,222,97.99617597691108
2022-08-27,20.936250952531253,20,80,49.854754867930794,1,223,97.99047189297919
2022-08-28,18.7781543481977,20,80,72.24873758648282,0,223,97.98471792151851
2022-08-29,18.22609088087122,20,80,73.88635759565801,1,224,97.97894954981889
2022-08-30,34.26980806109431,20,80,70.43582961312157,1,225,97.97312308597157
2022-08-31,34.85761643119832,20,80,58.30789394078246,0,225,97.96728195663371
2022-09-01,18.93008460694694,20,80,69.48788008839179,1,226,97.96152397019993
2022-09-02,23.09731728693442,20,80,96.09354784552164,0,226,97.9558582766496
2022-09-03,12.950917846322248,20,80,96.8944914311312,1,227,97.94996232953058
2022-09-04,7.420511326476584,20,80,38.03150060379853,1,228,97.94393986329015
2022-09-05,1.0040302116062243,20,80,41.14637605205937,0,228,97.93777144441934
2022-09-06,19.89980442212359,20,80,63.128830706556,1,229,97.93202643118073
2022-09-07,8.519596951503464,20,80,43.507578836221434,0,229,97.92602363506899
2022-09-08,2.4165687168481527,20,80,99.61706229543466,1,230,97.91988123256041
2022-09-09,5.074087778200351,20,80,37.81595247822831,1,231,97.91379660687059
2022-09-10,13.267323962383019,20,80,61.164285394675076,0,231,97.90789520448793
2022-09-11,9.32530267625627,20,80,38.68391773162108,1,232,97.90190284457964
2022-09-12,20.910439895981355,20,100,32.97501977883801,1,233,97.89616980554544
2022-09-13,21.947027703935884,20,80,33.8421540141922,0,233,97.89045873620918
2022-09-14,20.19151146728336,20,80,64.42875456910694,1,234,97.88470605634703
2022-09-15,6.4438745710017455,20,80,67.53273383387553,0,234,97.87864149720072
2022-09-16,13.118962693994604,20,80,46.144130660251776,1,235,97.87272562896237
2022-09-17,0.3764372110313746,20,80,97.49142492967256,1,236,97.86651976183268
2022-09-18,5.7120960556844675,20,80,61.27962656015046,0,236,97.86043295806904
2022-09-19,8.488718621211047,20,80,83.28431547469147,1,237,97.85440683176465
2022-09-20,10.680333406231185,20,80,46.0481738893457,0,237,97.84842877773652
2022-09-21,6.645648504692262,20,80,33.9797948150503,1,238,97.84235737390446
2022-09-22,8.767066030142734,20,80,54.80377494956019,1,239,97.8363318842332
2022-09-23,15.678535198089108,20,80,80.64764097876815,0,239,97.8304613627816
2022-09-24,19.874975200647476,20,80,66.13650156136147,1,240,97.8246838448063
2022-09-25,7.942637188154306,20,80,46.88721411867932,0,240,97.81863461068335
2022-09-26,1.494727541595184,20,100,96.63567925218412,1,241,97.81243718232948
2022-09-27,1.297969866540316,20,80,93.39553324874501,1,242,97.80623315396673
2022-09-28,24.461390493113225,20,80,52.14845881764034,0,242,97.80055276689176
2022-09-29,5.057415911636326,20,80,77.69043579390348,1,243,97.79443032664369
2022-09-30,20.990168029867515,20,80,68.75544018989713,1,244,97.78866726138507
2022-10-01,12.9186956626445,20,100,49.293337938469094,0,244,97.7827195965936
2022-10-02,14.73036298459106,20,80,62.09437981637095,1,245,97.77681100806106
2022-10-03,4.203726372554853,20,80,76.81653656901486,1,246,97.77066132558642
2022-10-04,6.916635126697357,20,80,55.807197172270236,0,246,97.76457174717262
2022-10-05,8.700357134045309,20,80,38.671512116024324,1,247,97.75852060083483
2022-10-06,13.726937237690507,20,80,52.98065318909531,0,247,97.75258220685123
2022-10-07,15.967086617947244,20,80,45.032401456403356,1,248,97.74669269940965
2022-10-08,7.562514674133563,20,80,42.807382561329135,1,249,97.7406100059917
2022-10-09,10.313805310376086,20,80,84.08329467942094,0,249,97.73458840245922
2022-10-10,2.3596716447104344,20,80,65.58162438178937,1,250,97.7283837061537
2022-10-11,2.1601083331254074,20,80,31.656398063826586,0,250,97.72217293583618
2022-10-12,3.7756212244329013,20,80,97.21053542875404,1,251,97.71599681431998
2022-10-13,1.4328095863269996,20,80,64.76666785491051,1,252,97.70976519955808
2022-10-14,17.73624607187707,20,80,41.37858639858169,0,252,97.7039035172406
2022-10-15,13.855004965431528,20,80,36.804336446228966,1,253,97.69795135441568
2022-10-16,7.981330688945914,20,80,97.7944241420797,0,253,97.69186381538776
2022-10-17,5.863307046198979,20,80,56.145933434032955,1,254,97.68572587865926
2022-10-18,2.0712390581722193,20,80,33.92677627299367,1,255,97.67949931929464
2022-10-19,11.497786322072825,20,100,41.03191407841447,0,255,97.67348633522212
2022-10-20,24.28540198813338,20,80,36.94465308249998,1,256,97.66776319107872
2022-10-21,13.789652516250008,20,80,43.47586902686021,1,257,97.66179840756517
2022-10-22,11.271036549816113,20,80,80.91779267714803,0,257,97.65577462879091
2022-10-23,16.42828117266627,20,80,47.823517799525945,1,258,97.64986661638987
2022-10-24,-11.686144321847175,20,80,91.51447034491966,0,258,97.64331461615933
2022-10-25,16.842322807121207,20,80,66.56088058060071,1,259,97.63741258662772
2022-10-26,13.20582416169934,20,80,91.92823782032585,1,260,97.63142536386772
2022-10-27,1.7477292375820936,20,80,58.47779168182777,0,260,97.62517455871449
2022-10-28,12.868599800317988,20,80,31.760614316800893,1,261,97.61917609169498
2022-10-29,12.826375351411516,20,80,82.65408871951573,0,261,97.61317518437278
2022-10-30,22.21388505822523,20,80,54.06140661896126,1,262,97.60738716299954
2022-10-31,18.116514158628373,20,80,92.70650542244373,1,263,97.60150330671928
2022-11-01,7.107859826718343,20,80,32.49510928612867,0,263,97.59536579327327
2022-11-02,24.74910433776381,20,80,49.37354123814473,1,264,97.58963048154078
2022-11-03,3.0420079567930527,20,80,57.92093589984396,0,264,97.58339615169945
2022-11-04,42.21419654550421,20,80,88.97373431759881,1,265,97.57726846822155
2022-11-05,3.315569485742648,20,80,76.27469878094402,1,266,97.57103613933442
2022-11-06,13.4644101098986,20,80,85.76840430080111,0,266,97.56503514947791
2022-11-07,13.186083903444207,20,80,88.01505806778351,1,267,97.55902571529468
2022-11-08,19.24941711891632,20,80,47.558310961314476,0,267,97.55315401445756
2022-11-09,13.394823992962108,20,80,63.81252073543058,1,268,97.54714584291311
2022-11-10,20.387858062756518,20,80,51.43201528696479,1,269,97.54129627516225
2022-11-11,15.445194269587347,20,80,92.92588409206357,0,269,97.53533169207327
2022-11-12,15.5407279036014,20,80,51.90995956308586,1,270,97.52936726365174
2022-11-13,14.98194588754475,20,80,35.86201888048642,0,270,97.52338852677026
2022-11-14,15.036784903337189,20,80,30.223091737162004,1,271,97.51740900574073
2022-11-15,17.655761350638148,20,80,31.11002176619238,1,272,97.51148770009726
2022-11-16,18.737003328756856,20,80,92.11374387242654,0,272,97.50558983067869
2022-11-17,24.964680164152465,20,80,37.632533187335845,1,273,97.4998333229974
2022-11-18,8.918067789362658,20,80,57.07276571996576,0,273,97.49370587993431
2022-11-19,7.428774348082448,20,100,74.25850137720477,1,274,97.4875420347001
2022-11-20,8.771958360070995,20,80,71.25349637836754,1,275,97.481407035592
2022-11-21,15.436052503050664,20,100,98.54801237547863,1,276,97.47542356121632
2022-11-22,3.859178547331685,20,80,69.02515495930304,0,276,97.46917168975456
2022-11-23,24.360609941795968,20,80,42.40680995017361,1,277,97.46339055941833
2022-11-24,44.133400621405364,20,80,87.1829155721243,0,277,97.4571813393763
2022-11-25,21.918295852502073,20,80,33.19042417592081,1,278,97.45134045715771
2022-11-26,0.34219933784613576,20,80,66.22690450126436,1,279,97.44499945569044
2022-11-27,5.911345025597112,20,80,76.89468296873065,0,279,97.43878551302393
2022-11-28,23.182091585008056,20,80,71.40884014725304,1,280,97.43296841171326
2022-11-29,11.461896391925466,20,80,84.75642992126039,0,280,97.4268790844068
2022-11-30,24.842312826737018,20,80,97.47652980183307,1,281,97.42109695429227
2022-12-01,7.274899206231936,20,80,48.952687974235886,1,282,97.41490666174869
2022-12-02,1.857593792018573,20,80,56.03614998320184,0,282,97.4085895723483
2022-12-03,5.403770510619342,20,80,68.56368732518727,1,283,97.40235237154704
2022-12-04,-2.553141137872129,20,80,93.65228217694566,0,283,97.39592952099966
2022-12-05,5.5187452516547495,20,80,92.12002689178769,1,284,97.38969133679171
2022-12-06,-1.7986364539872488,20,80,39.2242524207507,1,285,97.38328158053577
2022-12-07,3.8738811423347332,20,80,70.88355352778757,0,285,97.3770016533772
2022-12-08,-4.674759577081507,20,80,60.46023301854446,1,286,97.37052151318757
2022-12-09,3.528539410441498,20,80,44.42297272311741,0,286,97.3642299156072
2022-12-10,4.675350268706415,20,80,85.42968865555517,1,287,97.35796276358525
2022-12-11,4.944188511353627,20,80,86.8980353323864,1,288,97.35169971325546
2022-12-12,8.649775513051537,20,80,38.62603554202483,0,288,97.34552110026057
2022-12-13,-4.061407582818251,20,80,57.08268848440879,1,289,97.33904541928638
2022-12-14,0.24288234102175466,20,80,37.322785222506326,0,289,97.33266807127298
2022-12-15,8.336677270782708,20,80,87.08640004441422,1,290,97.32647648206571
2022-12-16,3.2181035026970513,20,80,47.02285414066455,1,291,97.32016390015912
2022-12-17,9.41991653536913,20,80,83.31688497402507,0,291,97.31399386798793
2022-12-18,3.5483503643182566,20,80,64.18136708754822,1,292,97.30768528226851
2022-12-19,-11.007953249735708,20,80,62.24243231290636,0,292,97.3010367924769
2022-12-20,-0.5155110589129599,20,80,80.31089014949941,1,293,97.29463003192708
2022-12-21,5.005598157173248,20,80,61.12305052639681,1,294,97.28834952482326
2022-12-22,-3.894985465541642,20,80,84.23763271488298,0,294,97.28186040260732
2022-12-23,1.501018404749213,20,80,42.203287824823185,1,295,97.27549466960127
2022-12-24,6.041416137889495,20,80,45.21777126927546,0,295,97.26923309786523
2022-12-25,1.0567113787677238,20,80,66.91015330489297,1,296,97.2628533132234
2022-12-26,7.635160040715055,20,80,42.01517645153232,1,297,97.25662461885578
2022-12-27,1.9010117481844633,20,80,98.90326360902286,0,297,97.25026079739563
2022-12-28,4.20228714848103,20,100,86.35178787046232,1,298,97.24394845997496
2022-12-29,8.653890426492787,20,80,79.12825600532,1,299,97.23773778417065
2022-12-30,-0.9951313950899703,20,80,55.97601442103559,0,299,97.2313005543317
2022-12-31,0.4937107846958009,20,100,45.362481258896935,1,300,97.22489587888181
2023-01-01,8.982012068486354,20,100,48.752123715748446,1,301,97.21868714512873
2023-01-02,8.511673157708112,20,80,99.1636052731073,0,301,97.21246592972606
2023-01-03,-4.959200492777901,20,80,37.641631011918676,1,302,97.20592801966
2023-01-04,-2.7748477115520864,20,80,35.572235960382784,1,303,97.19943892311687
2023-01-05,-0.1667025843641854,20,80,47.0308700048371,0,303,97.19300920198837
2023-01-06,0.5970253307074564,20,80,43.5713393382334,1,304,97.18659515499708
2023-01-07,5.861838518679619,20,80,62.323900872960095,0,304,97.18030265110148
2023-01-08,9.447013029646444,20,80,47.68330645134705,1,305,97.17409186728544
2023-01-09,-3.5633721941291303,20,80,56.11995921729581,1,306,97.16757458977662
2023-01-10,5.178033396531433,20,80,70.6043902933657,0,306,97.1612603027529
2023-01-11,-1.4042621778945859,20,80,35.356236566747064,1,307,97.15478979029429
2023-01-12,0.37550788480350583,20,80,76.70701803298894,0,307,97.14835939054721
2023-01-13,-0.8288896890755169,20,80,94.23838117216752,1,308,97.14189860497115
2023-01-14,8.604299830042109,20,80,83.48474618860831,1,309,97.13565666440313
2023-01-15,1.2612009807538476,20,80,91.99930309857317,0,309,97.12924112076755
2023-01-16,5.175251453908421,20,80,49.76453800866137,1,310,97.12291517194362
2023-01-17,8.6733939138453,20,80,39.407139634943995,0,310,97.11666973130876
2023-01-18,3.842502373716295,20,80,98.29256259394194,1,311,97.11030885602892
2023-01-19,7.583440554173894,20,80,54.850823905576064,1,312,97.10403361713749
2023-01-20,-4.030545133926655,20,80,72.856880962279,0,312,97.0974842660006
2023-01-21,-1.3117582001275254,20,80,38.37622654562477,1,313,97.09099653934886
2023-01-22,4.991943146943685,20,80,60.88681385176497,0,313,97.08465529612509
2023-01-23,-1.3199669992733525,20,80,39.368055929531316,1,314,97.07816362438348
2023-01-24,3.2182138992362894,20,80,53.75143137532398,1,315,97.07177641435824
2023-01-25,7.427825573219442,20,80,89.7638766481627,0,315,97.06548662311081
2023-01-26,6.94390265953958,20,80,34.050502987656536,1,316,97.05918333024907
2023-01-27,7.880047879595391,20,80,69.01606489880453,0,316,97.05290054075762
2023-01-28,0.35907579809057655,20,80,54.45402967847539,1,317,97.04643867562491
2023-01-29,0.8412973383680402,20,80,70.93630666579196,1,318,97.03998598115709
2023-01-30,-13.547278613517411,20,100,33.8625422899846,0,318,97.03319300080776
2023-01-31,2.067813617683073,20,80,41.03315295647681,1,319,97.02676546501692
2023-02-01,0.6623117293317637,20,80,73.9209833940863,1,320,97.02030265233071
2023-02-02,7.167709041041398,20,80,69.10354323491023,0,320,97.01399157843794
2023-02-03,-4.07671146302522,20,80,59.224263958404705,1,321,97.00741333083235
2023-02-04,-3.8926762495953837,20,80,83.02176296925194,0,321,97.0008378439732
2023-02-05,0.17705052461252802,20,80,76.56463087661359,1,322,96.99435612739221
2023-02-06,-1.1527864873277367,20,80,77.6795751292021,1,323,96.98784085349008
2023-02-07,-0.3619703628119373,20,80,59.936391856614875,0,323,96.98134267974824
2023-02-08,6.8908007525281025,20,80,54.390352827711496,1,324,96.97501353209692
2023-02-09,7.629230393197151,20,80,35.913182155478964,0,324,96.9687003037488
2023-02-10,5.23575079206592,20,80,85.09798626360748,1,325,96.9623284167515
2023-02-11,5.438022647369962,20,80,56.19260263583335,1,326,96.95595916558398
2023-02-12,0.14341884705062746,20,80,58.44636197873183,0,326,96.94946325755602
2023-02-13,0.8064197488493399,20,80,31.734661445198025,1,327,96.94298083963965
2023-02-14,6.726500813283762,20,80,61.56242104616115,0,327,96.936636864779
2023-02-15,5.223796623915982,20,100,42.02758484327416,1,328,96.93025521038614
2023-02-16,2.2053292113879097,20,80,63.41008959756762,1,329,96.92379998429173
2023-02-17,5.743171329134267,20,80,82.12214913092453,0,329,96.9174269513482
2023-02-18,-1.8798604146273599,20,80,66.51458578185506,1,330,96.91087128737469
2023-02-19,4.560077908252204,20,80,60.93262229190954,1,331,96.9044659505691
2023-02-20,4.79657177756445,20,80,50.311987495254,0,331,96.89806468551869
2023-02-21,-0.6375456860920101,20,80,55.95973025659486,1,332,96.89153249072811
2023-02-22,7.9013486755222395,20,80,52.15740028131308,0,332,96.88520114273217
2023-02-23,3.884367956612948,20,80,90.15204998907359,1,333,96.87877241855963
2023-02-24,6.542555573088315,20,80,31.750447747229575,1,334,96.87240458944324
2023-02-25,-0.4433088553302671,20,100,67.55010100669799,0,334,96.86586949545197
2023-02-26,4.751165037326897,20,80,69.03311913004467,1,335,96.85945549326905
2023-02-27,-3.6237650212438606,20,80,34.75045416827858,1,336,96.85284050524373
2023-02-28,9.676550344755713,20,100,64.41458798283574,0,336,96.84653978598048
2023-03-01,8.780632958325981,20,80,75.22046446502057,1,337,96.84021567154197
2023-03-02,13.399104361528272,20,80,60.26667551385637,1,338,96.83399918710472
2023-03-03,6.639056163250405,20,80,87.57642414975943,0,338,96.827620541858
2023-03-04,11.674849483800743,20,80,55.300735197730184,1,339,96.82135949467181
2023-03-05,16.812107486281242,20,80,33.07765876023705,0,339,96.81521913270048
2023-03-06,5.33598828946653,20,80,37.74149553882573,1,340,96.80880369139928
2023-03-07,19.27600027883846,20,80,71.38161004141588,1,341,96.80271785254958
2023-03-08,17.72407954649325,20,80,80.62811805501948,0,341,96.79659362256459
2023-03-09,11.924703422635513,20,80,94.1572905272594,1,342,96.79032924707873
2023-03-10,-11.55723476665538,20,80,58.35360993545048,0,342,96.78350409343655
2023-03-11,9.002187131191318,20,80,81.46786452497221,1,343,96.7771664992167
2023-03-12,14.673161953887641,20,100,93.80751475364794,1,344,96.77096194496048
2023-03-13,11.80559093761196,20,80,31.23745841733338,0,344,96.76468755407794
2023-03-14,19.094314647164722,20,80,37.190452680500606,1,345,96.75858488145705
2023-03-15,7.184582214665145,20,80,35.920929506700475,1,346,96.75219605764411
2023-03-16,15.698589558506198,20,80,91.05334003561742,0,346,96.74600886825249
2023-03-17,18.84080332861583,20,80,91.29823711820515,1,347,96.73989461210701
2023-03-18,16.270605797050152,20,100,46.54402803744983,1,348,96.73371694411327
2023-03-19,14.717950373258045,20,80,65.51349975840063,0,348,96.72750072761363
2023-03-20,12.784632214935424,20,80,49.409791188646636,1,349,96.72123624629747
2023-03-21,15.171728511834631,20,80,44.836501770854134,0,349,96.71502732072936
2023-03-22,14.485873473724817,20,80,51.787894758310294,1,350,96.70879992681252
2023-03-23,14.917975318745167,20,80,61.472416462546505,1,351,96.70258078615389
2023-03-24,12.830183620892885,20,80,65.59325304857046,0,351,96.69631023477454
2023-03-25,16.73309338470054,20,80,67.35693121125615,1,352,96.69013097105132
2023-03-26,17.815823234015866,20,80,65.95366370425644,0,352,96.6839761537623
2023-03-27,11.16948513562005,20,80,32.765935971319145,1,353,96.67766017267077
2023-03-28,10.155877691412183,20,80,54.908144995747065,1,354,96.6713178113037
2023-03-29,10.79000628947351,20,100,30.536702916249265,0,354,96.6649891367719
2023-03-30,15.82075430915219,20,80,42.09120620718153,1,355,96.65877889458045
2023-03-31,18.53218233270629,20,80,89.60522607467017,1,356,96.65263157262962
2023-04-01,7.95952523664871,20,100,51.77474626925827,0,356,96.64622931748615
2023-04-02,18.03984365518006,20,80,57.50517718365336,1,357,96.64006668331095
2023-04-03,13.703563556790103,20,80,66.4087494164822,1,358,96.63379796474567
2023-04-04,6.466863838999662,20,80,85.64954668197336,0,358,96.62735410765166
2023-04-05,7.199632430131906,20,80,37.998007653612255,1,359,96.62092569394844
2023-04-06,17.36133861884896,20,80,87.86659523965106,0,359,96.61473974451367
2023-04-07,10.231028011062195,20,80,36.2375610152808,1,360,96.60838047836998
2023-04-08,5.33041610265166,20,80,72.2888340398352,1,361,96.60190135232249
2023-04-09,15.365983497100174,20,80,74.01139169773157,0,361,96.595661868468
2023-04-10,13.786970562992312,20,80,65.98081396818361,1,362,96.58938234903442
2023-04-11,19.971037415442318,20,80,82.9313801081013,0,362,96.58325004557298
2023-04-12,19.0178310836504,20,80,60.20239894204934,1,363,96.5770927741949
2023-04-13,11.841664805792455,20,80,86.25608448183573,1,364,96.57076078551464
2023-04-14,9.789086434270574,20,80,49.845299958496284,0,364,96.56437790257823
2023-04-15,8.867709590616188,20,100,62.30200385498567,1,365,96.5579707151893
2023-04-16,12.633328815526653,20,80,96.8287717398079,1,366,96.55165208617383
2023-04-17,16.339039278960673,20,80,54.48727384514862,0,366,96.54542123333034
2023-04-18,13.814932547063416,20,80,52.14559603731347,1,367,96.53912748695721
2023-04-19,14.690231667326092,20,80,60.89878776645649,0,367,96.53285335386367
2023-04-20,8.85403694970988,20,80,50.99617104341476,1,368,96.52643642273613
2023-04-21,8.850429121723645,20,80,80.76528934794885,1,369,96.52001727352936
2023-04-22,9.136751546088778,20,80,45.640831762433415,0,369,96.51360351947206
2023-04-23,14.648808564404145,20,80,83.2485509365971,1,370,96.50732065461781
2023-04-24,9.99578063874619,20,80,52.62222751793173,0,370,96.50092399583957
2023-04-25,13.83769813485023,20,80,80.45001610236112,1,371,96.49461798105902
2023-04-26,9.682706589874394,20,100,80.16249372905379,1,372,96.48820951442296
2023-04-27,19.991161941609242,20,100,97.55748654889689,1,373,96.48204799465053
2023-04-28,8.097000219922734,20,80,51.34023262681107,0,373,96.47559757128577
2023-04-29,6.621598396622275,20,80,50.80993372227668,1,374,96.46910934004735
2023-04-30,12.656251499725307,20,80,45.016820513881015,0,374,96.46276550940861
2023-05-01,19.037511135393427,20,80,78.24101575417839,1,375,96.45657393458808
2023-05-02,11.872316643234733,20,80,42.78093839184831,1,376,96.45020692863864
2023-05-03,18.31147933023066,20,80,76.3218191818863,0,376,96.44399427429062
2023-05-04,19.11012908540857,20,80,78.23231126163321,1,377,96.4377988978451
2023-05-05,13.068116407441561,20,80,96.51910587728236,0,377,96.43145574824642
2023-05-06,12.021920401189218,20,80,65.78212684636907,1,378,96.4250851539818
2023-05-07,14.02001395027853,20,80,65.153205242021,1,379,96.41876086973869
2023-05-08,13.738676773061188,20,80,94.6765977942636,0,379,96.41242828207359
2023-05-09,8.761655075150983,20,80,50.96958979746633,1,380,96.40597292273736
2023-05-10,12.827985472565407,20,100,83.86776208241031,1,381,96.39961405415681
2023-05-11,9.693799515513765,20,100,50.48604791143046,0,381,96.39317765813449
2023-05-12,19.11270858868466,20,100,33.91204222517804,1,382,96.38696771355787
2023-05-13,7.6533337583600005,20,100,75.36246786943724,1,383,96.38047752370655
2023-05-14,9.645687992733546,20,80,56.100272358654905,1,384,96.37403357060919
2023-05-15,6.31472913024554,20,80,58.895031724246024,0,384,96.36750719860741
2023-05-16,19.008998986120417,20,80,61.591592954051876,1,385,96.36128711523787
2023-05-17,12.142203047849764,20,100,71.77299496230299,1,386,96.35489807115621
2023-05-18,12.206912419414028,20,100,46.44729809945938,0,386,96.34850910436141
2023-05-19,17.31933108506672,20,80,35.495735380592734,1,387,96.34224235977041
2023-05-20,16.32374302634455,20,80,95.54269046855055,1,388,96.33594932461199
2023-05-21,19.53542904007371,20,80,49.96273433046135,0,388,96.32973296872575
2023-05-22,5.0805464730116485,20,80,37.917740219617436,1,389,96.32316270563824
2023-05-23,9.881287432391215,20,80,50.18260452435695,0,389,96.31670779090405
2023-05-24,8.626046656276879,20,80,55.67088921902925,1,390,96.31022017372307
2023-05-25,18.796235302319268,20,80,42.573649404248876,1,391,96.30397819520697
2023-05-26,14.884141275127119,20,80,41.26030316844724,0,391,96.29763942400659
2023-05-27,6.536512960970072,20,100,39.5550417374631,1,392,96.29109507090092
2023-05-28,15.228826840023084,20,80,76.82135839524285,1,393,96.284760522233
2023-05-29,5.906764734207865,20,80,48.34773170894981,0,393,96.27819712162325
2023-05-30,12.596081615036148,20,100,68.85801844564793,1,394,96.27179476853402
2023-05-31,8.096925056756042,20,80,32.49108669410811,1,395,96.26528049443354
2023-06-01,28.92055842665732,20,80,98.06878469204392,0,395,96.25908163688726
2023-06-02,27.08765760931945,20,100,76.64521895120757,1,396,96.25292549716242
2023-06-03,26.714439981159927,20,80,74.0324257346781,1,397,96.24677644634637
2023-06-04,19.3774862434461,20,80,30.347135431890557,0,397,96.2405304701794
2023-06-05,17.80346184623388,20,80,59.303815664123704,1,398,96.23424396387804
2023-06-06,34.428004753551555,20,80,62.118632915716944,0,398,96.22790143702862
2023-06-07,-19.13460697439038,20,80,41.02874523128118,1,399,96.2207080314402
2023-06-08,16.00851970547491,20,80,54.31293081421556,1,400,96.21437200710102
2023-06-09,33.1864028019078,20,80,45.65477252112613,0,400,96.20805420704525
2023-06-10,32.66910926163746,20,80,39.45556603935235,1,401,96.20174699035411
2023-06-11,33.98104241847682,20,80,60.948091337348075,0,401,96.19540618422361
2023-06-12,21.936112121726904,20,80,61.071408330861104,1,402,96.18920821364627
2023-06-13,17.839340728374705,20,80,95.10258005268211,1,403,96.18290783470356
2023-06-14,34.43269267608318,20,100,53.68485124188598,0,403,96.17655031261046
2023-06-15,19.228970995155358,20,80,58.90265343611283,1,404,96.17028046073166
2023-06-16,15.991722187498947,20,80,34.19984531173507,1,405,96.1639291654753
2023-06-17,20.25165068325402,20,80,32.9671936416907,0,405,96.15768087803195
2023-06-18,21.180550671269057,20,100,83.89048765137233,1,406,96.15145332841477
2023-06-19,32.701420233162935,20,80,85.09154446823695,1,407,96.14512845612968
2023-06-20,32.55574962112924,20,80,71.9316533128382,0,407,96.13880569039569
2023-06-21,21.12571595877396,20,80,38.54463276685894,1,408,96.13257125467021
2023-06-22,33.54400900022014,20,80,45.29913683402243,0,408,96.12622066920243
2023-06-23,29.796581635741305,20,80,85.04794177670833,1,409,96.11996007677536
2023-06-24,32.67974344207592,20,80,53.542028433262146,1,410,96.11362656424338
2023-06-25,18.14378110089606,20,80,96.78227089586339,0,410,96.1073118279919
2023-06-26,22.454049072193666,20,80,44.91723403703672,1,411,96.10110102132678
2023-06-27,27.29847812930843,20,80,64.2739411204482,0,411,96.09489486142901
2023-06-28,16.658028928639432,20,80,90.79003893149525,1,412,96.08853795648224
2023-06-29,16.0940410148512,20,80,33.269383126152064,1,413,96.08216508461516
2023-06-30,27.282100184465886,20,80,38.95659217399622,0,413,96.07595381705774
2023-07-01,34.98283658300148,20,80,70.79026914371698,1,414,96.06955085661997
2023-07-02,22.64009240252919,20,80,51.632707800653094,0,414,96.06333419665968
2023-07-03,26.326380422228183,20,80,48.27768001561479,1,415,96.05714096792514
2023-07-04,27.58008128522961,20,80,68.32997884575462,1,416,96.05091480608783
2023-07-05,24.39141487173095,20,80,30.207685258730006,0,416,96.04473581179849
2023-07-06,30.773204628604912,20,80,74.1263637676656,1,417,96.038427413491
2023-07-07,16.405244346392486,20,80,87.79424643714304,0,417,96.0320479483162
2023-07-08,27.324791889478107,20,100,85.58987653932867,1,418,96.02582112355736
2023-07-09,19.413964007991414,20,80,61.41862926563366,1,419,96.01951175384201
2023-07-10,17.75943677337072,20,80,88.40680230352092,0,419,96.01316007204628
2023-07-11,25.52079898530331,20,80,31.468452224226965,1,420,96.0069722879289
2023-07-12,32.89009809346046,20,100,67.44787618109896,1,421,96.00060040057228
2023-07-13,31.584290735209677,20,80,49.52744887429356,0,421,95.9942593116626
2023-07-14,24.24873249155861,20,80,90.78872796026928,1,422,95.98806035039439
2023-07-15,26.461825285074475,20,80,65.0553543073576,1,423,95.98184179039471
2023-07-16,32.75506177675274,20,80,84.92106895771414,0,423,95.97546612883332
2023-07-17,43.909104148130815,20,80,81.80127624547463,1,424,95.96881239402285
2023-07-18,16.4282550660327,20,80,63.261008869877266,0,424,95.96241296407808
2023-07-19,27.937110669565296,20,80,89.1604044434734,1,425,95.95615094112607
2023-07-20,20.64553925761886,20,100,95.1205256147219,1,426,95.94985177137298
2023-07-21,16.510007878769308,20,80,83.87321142030211,0,426,95.9434487071382
2023-07-22,32.31302500934869,20,80,79.87982545147752,1,427,95.93707271610897
2023-07-23,30.603593241436105,20,80,49.334194728615174,1,428,95.93073701536122
2023-07-24,32.07876491305167,20,80,33.27004491304655,0,428,95.92436328027779
2023-07-25,33.054695047054736,20,80,89.6049378164673,1,429,95.91796326083693
2023-07-26,17.196837444476532,20,80,52.33791824094319,0,429,95.91156800643675
2023-07-27,31.239872335938507,20,80,65.95212738770687,1,430,95.90520945823243
2023-07-28,31.73418150733677,20,80,77.54053490328454,1,431,95.89883656562091
2023-07-29,16.097244755819098,20,80,35.90185703009451,0,431,95.8924083628834
2023-07-30,30.200176955724817,20,80,93.67404579357228,1,432,95.88607002390867
2023-07-31,15.803207785913964,20,80,66.42100671091885,0,432,95.87963094045142
2023-08-01,33.64008999355271,20,80,47.00622934639283,1,433,95.87320359235277
2023-08-02,33.18909834117882,20,80,63.77759888163118,1,434,95.86678536052455
2023-08-03,22.55847820313791,20,100,71.751012418157,0,434,95.86050856240273
2023-08-04,28.580546719610503,20,80,81.17116857129454,1,435,95.8542013889387
2023-08-05,18.87949706938031,20,80,95.7783411059662,1,436,95.84782896543355
2023-08-06,17.587360460151547,20,80,99.59444258995292,0,436,95.84142292085889
2023-08-07,17.936656598369908,20,80,79.22763077096732,1,437,95.83502348583919
2023-08-08,26.3637369150673,20,80,66.13610528349764,0,437,95.82876450151876
2023-08-09,27.042765693990923,20,80,65.70398130810676,1,438,95.82248656644967
2023-08-10,23.31592143313082,20,80,61.89333049494262,1,439,95.81621552540919
2023-08-11,28.64233194869085,20,80,69.22740351343622,0,439,95.80989424106667
2023-08-12,25.959483539467705,20,80,71.54509648348231,1,440,95.80363778401379
2023-08-13,33.83703649810677,20,80,53.759223705072465,0,440,95.79718345771052
2023-08-14,27.164205577717667,20,80,56.72690075383299,1,441,95.79089347929347
2023-08-15,29.69537654535516,20,80,54.23837576777011,1,442,95.78453829764933
2023-08-16,34.846120853227234,20,80,94.24620439464746,0,442,95.77805310742906
2023-08-17,18.36340750018333,20,80,55.43555256235108,1,443,95.77164593808853
2023-08-18,27.174546682913938,20,80,92.47489821621326,0,443,95.765348724848
2023-08-19,17.163869048226893,20,80,62.32118150685488,1,444,95.75890804046006
2023-08-20,18.754220150962865,20,80,79.47973256610368,1,445,95.75250500320718
2023-08-21,32.80591137018125,20,80,94.85566004930202,0,445,95.74606150608707
2023-08-22,27.976301811681704,20,80,91.64724986207446,1,446,95.73973666494733
2023-08-23,27.01454132633512,20,80,55.570312322861824,0,446,95.73343442697835
2023-08-24,33.608209020177924,20,80,54.92045975626914,1,447,95.72696519880104
2023-08-25,32.395584820878675,20,100,61.36639416703635,1,448,95.72052421518138
2023-08-26,24.851162760200033,20,80,59.62893083110428,0,448,95.71426313973751
2023-08-27,27.97229308912543,20,80,32.370492249037646,1,449,95.707929340474
2023-08-28,26.753851427095185,20,80,52.38641993238785,1,450,95.7016240031769
2023-08-29,17.341543479187603,20,80,45.776345537207575,0,450,95.69516930588426
2023-08-30,32.97996840043397,20,80,35.07063490754205,1,451,95.68870445849176
2023-08-31,15.138808178182735,20,80,96.17979075245839,0,451,95.68219098047808
2023-09-01,21.000087556531525,20,80,49.89194806221009,1,452,95.67582235285205
2023-09-02,9.351769264592471,20,80,88.26108419091506,1,453,95.66915950410367
2023-09-03,43.15386305290263,20,80,87.40128167063412,0,453,95.6624322745105
2023-09-04,19.004784995728905,20,80,84.51123558279207,1,454,95.65600799056742
2023-09-05,13.555930642506489,20,80,40.81142658165199,0,454,95.649445468227
2023-09-06,16.172325463627768,20,80,89.17789907379367,1,455,95.64294651592712
2023-09-07,7.74843600893034,20,80,74.81222771810042,1,456,95.63623387360606
2023-09-08,0.5199014414497105,20,80,85.05551152285489,0,456,95.62933809730596
2023-09-09,20.192954963981865,20,80,59.074495632060575,1,457,95.62293449580132
2023-09-10,14.990700262273329,20,80,50.589844626897815,0,457,95.61639866568397
2023-09-11,5.36073558073282,20,80,62.14054759804715,1,458,95.6096185747081
2023-09-12,20.718658864176376,20,80,77.49331725697976,1,459,95.60322259071219
2023-09-13,7.2362339412753665,20,80,58.18257247967304,0,459,95.5964859463307
2023-09-14,24.080682211472467,20,80,78.16955679329658,1,460,95.59017104817326
2023-09-15,-14.650917199813154,20,80,45.80037022860682,0,460,95.58287972991329
2023-09-16,2.5315133052944194,20,80,88.42552765973409,1,461,95.57601872364309
2023-09-17,15.419369442542921,20,80,87.03791904032342,1,462,95.56948013248967
2023-09-18,5.35568821441407,20,80,61.81394685403586,0,462,95.5626865009381
2023-09-19,22.079473613210222,20,80,60.909886076558216,1,463,95.55631216251207
2023-09-20,2.339950858052384,20,80,31.49478797784653,0,463,95.54943876706655
2023-09-21,12.36301907229929,20,80,63.80440828992349,1,464,95.54281590111896
2023-09-22,19.106086813027524,20,80,60.03139999774952,1,465,95.53636098977825
2023-09-23,3.3972949498970033,20,80,88.95462459616061,0,465,95.52950826750057
2023-09-24,45.54281154380955,20,80,96.07131306528333,1,466,95.522680083287
2023-09-25,9.828254027427525,20,100,80.681512055475,1,467,95.51598529817372
2023-09-26,2.420996379940177,20,80,33.96137472032629,0,467,95.50910193885908
2023-09-27,17.511781919193787,20,80,55.11939616704956,1,468,95.50259756467776
2023-09-28,2.4826018890313772,20,80,62.308850052758686,0,468,95.49571197733327
2023-09-29,17.4299478263941,20,80,62.72844061622694,1,469,95.48920195932749
2023-09-30,11.825449247633074,20,80,80.55452104291275,1,470,95.48254814383878
2023-10-01,23.017691253627664,20,80,99.45662241526695,0,470,95.47617585505111
2023-10-02,9.751967909116246,20,80,71.63451476484099,1,471,95.46946593168508
2023-10-03,8.056878342927455,20,80,97.76814207209652,0,471,95.46271159640152
2023-10-04,14.650287755524488,20,80,65.01433674272083,1,472,95.45612196800415
2023-10-05,3.7489264098435475,20,80,68.23327621947331,1,473,95.4492542065125
2023-10-06,13.207700111118653,20,80,86.16138555930294,0,473,95.44262442783334
2023-10-07,2.9380056011048428,20,80,46.76783608599492,1,474,95.43573235422694
2023-10-08,-18.941989771897816,20,80,87.60723982156148,0,474,95.42828431357498
2023-10-09,15.642100772817805,20,80,61.86301981389378,1,475,95.42171046483016
2023-10-10,4.467577998200034,20,80,90.60107632801595,1,476,95.41485117204505
2023-10-11,0.34809258077212746,20,80,54.00511723177293,0,476,95.40788585399451
2023-10-12,8.319203230032912,20,80,79.6868655971405,1,477,95.40112051098433
2023-10-13,13.824148756649024,20,80,62.81098536159892,0,477,95.39449332187793
2023-10-14,8.296279422044694,20,80,66.81473548809277,1,478,95.38772368904296
2023-10-15,22.8357723374854,20,100,48.83701136974409,1,479,95.38132104751962
2023-10-16,0.4593404431115,20,80,98.02656120717813,0,479,95.37434867498223
2023-10-17,12.04507407969123,20,80,33.96794261375557,1,480,95.36766839226058
2023-10-18,4.507554842809494,20,80,41.54061326259516,1,481,95.36079441221632
2023-10-19,1.2499534393496798,20,80,86.51030556464998,0,481,95.35383607513282
2023-10-20,10.64884859818255,20,80,66.0338066213991,1,482,95.34711448518195
2023-10-21,15.832233713589133,20,80,72.49631307427993,0,482,95.34052320330903
2023-10-22,23.28830906125436,20,80,74.07280407177986,1,483,95.33411949141703
2023-10-23,16.93193811274562,20,80,99.24055961754254,1,484,95.32755196043924
2023-10-24,15.391604461393483,20,80,51.20025766396466,0,484,95.32094373840646
2023-10-25,11.669987836352117,20,80,85.29724498467982,1,485,95.31423863195887
2023-10-26,17.885964280368256,20,80,90.36470119029721,0,485,95.30769032419678
2023-10-27,10.078959412469853,20,80,39.860993716144606,1,486,95.30094101808822
2023-10-28,16.692043527660843,20,80,98.83725434581903,1,487,95.29435807944833
2023-10-29,20.810275203220836,20,80,80.77474096395257,0,487,95.2878786326601
2023-10-30,20.048638552220886,20,80,40.18366154043356,1,488,95.28137768642858
2023-10-31,16.822773416213654,20,80,92.21476788817543,0,488,95.27479300089696
2023-11-01,11.166017361444474,20,80,93.42886134158907,1,489,95.26806188458778
2023-11-02,17.966632354734084,20,80,83.38892043911555,1,490,95.26150216770115
2023-11-03,11.111414879142764,20,80,83.7569891768274,0,490,95.25476598283737
2023-11-04,14.292058785705425,20,80,68.92780190006022,1,491,95.2481088559858
2023-11-05,16.318586919122538,20,80,91.42672783479064,0,491,95.24150198910982
2023-11-06,6.44722223736405,20,80,56.34438355175833,1,492,95.23464080438237
2023-11-07,6.278943367970322,20,80,39.21826307116701,1,493,95.22777312095224
2023-11-08,-15.643265994001595,20,100,80.83408284932966,0,493,95.2203435022198
2023-11-09,10.339740352770082,20,80,87.17727289976787,1,494,95.21357591199033
2023-11-10,21.56614255276949,20,80,78.7484808140533,1,495,95.20709331554693
2023-11-11,7.138271122197162,20,80,61.58235940774266,0,495,95.2002401275198
2023-11-12,4.8179605887309656,20,80,71.30699894554081,1,496,95.19332536228627
2023-11-13,40.1549518616226,20,80,47.69115889735522,0,496,95.18653773026766
2023-11-14,2.4346521380521846,20,100,41.059385493070614,1,497,95.17955816896992
2023-11-15,3.2822526541593677,20,80,96.71577045715892,1,498,95.17259808626552
2023-11-16,24.35079514206282,20,80,92.0917497397216,0,498,95.16617623498855
2023-11-17,3.962965454428993,20,80,43.48868484944903,1,499,95.15922980900858
2023-11-18,17.16296048908579,20,80,33.36870018941762,1,500,95.15261957371837
2023-11-19,23.096319409814075,20,80,77.71917154165571,0,500,95.14616000418626
2023-11-20,24.8885492903737,20,80,58.524308421183875,1,501,95.13974434287496
2023-11-21,22.44593755945436,20,80,99.37359910130246,0,501,95.13326457242839
2023-11-22,-19.467432180125485,20,80,45.85678055455749,1,502,95.12570701818264
2023-11-23,4.8041206940793755,20,80,64.11526619329568,1,503,95.11877018195464
2023-11-24,9.139742402757417,20,80,90.64465487082937,0,503,95.111943125662
2023-11-25,21.744059039765578,20,80,67.14208506642267,1,504,95.10543766023603
2023-11-26,24.10520210497628,20,80,63.70803617066795,0,504,95.09899140218428
2023-11-27,11.052011782172277,20,80,34.8220026497044,1,505,95.09220760262458
2023-11-28,10.827575107362197,20,80,96.3977382881476,1,506,95.08541586767402
2023-11-29,18.14989700467516,20,100,76.22182608834028,0,506,95.0788109071796
2023-11-30,1.281161944409595,20,80,80.13962251484358,1,507,95.07176991737198
2023-12-01,7.851188525486119,20,80,97.03350579055775,1,508,95.06489573901125
2023-12-02,-4.863068499143905,20,80,55.188371430249504,0,508,95.05769279050531
2023-12-03,-3.674744876951141,20,80,83.20163184393914,1,509,95.05051813909233
2023-12-04,4.12641162458784,20,80,48.46838701629387,0,509,95.0435427734288
2023-12-05,-2.202462223890626,20,80,43.013761333408425,1,510,95.03640215495857
2023-12-06,1.2295793386421998,20,80,39.21558218885532,1,511,95.02934769666328
2023-12-07,-3.2515962804698297,20,80,30.29427227541033,0,511,95.02217616580572
2023-12-08,-0.9121655431016942,20,80,93.03394063892092,1,512,95.01506266457261
2023-12-09,9.974633181698588,20,100,46.920316409257936,1,513,95.00822766747811
2023-12-10,6.983331709947663,20,80,37.22318751891707,0,513,95.0013139808761
2023-12-11,-3.86153092173861,20,80,52.14517065514592,1,514,94.99411825229548
2023-12-12,5.8468611503622725,20,80,71.51835612416056,0,514,94.9871714879468
2023-12-13,-4.3954080272957405,20,80,63.31175901156475,1,515,94.97995807796995
2023-12-14,42.212950668253534,20,80,61.29952014973921,1,516,94.97305699794447
2023-12-15,-0.5092290125952141,20,80,41.17285399086877,0,516,94.96594006950642
2023-12-16,-3.6536450245427465,20,80,55.031386578617145,1,517,94.95873962450636
2023-12-17,2.0267814893061633,20,80,99.79186309191672,0,517,94.95168438936348
2023-12-18,3.682593647003234,20,80,73.91360748892092,1,518,94.94466971970355
2023-12-19,-18.520673618910287,20,80,96.5004752729012,1,519,94.93707859105997
2023-12-20,-0.7602737497209153,20,80,70.73747238878227,0,519,94.92994519830916
2023-12-21,0.32730373988249895,20,100,86.53532967095654,1,520,94.92283768032749
2023-12-22,1.1006638299175995,20,80,38.38157550359155,1,521,94.91574792132906
2023-12-23,9.384608906943551,20,80,74.41391640532328,0,521,94.90887105720421
2023-12-24,-1.8474962612672572,20,100,40.742866672200485,1,522,94.90170111299291
2023-12-25,0.752397597040221,20,80,33.90252704707757,1,523,94.89459624587633
2023-12-26,-4.164879279025579,20,80,56.19978854072294,0,523,94.88736237837014
2023-12-27,2.240904826342798,20,80,68.2826821923903,1,524,94.88029225637253
2023-12-28,1.3607069025503211,20,80,92.71921740086424,0,524,94.87319774101755
2023-12-29,42.55727001908171,20,80,53.78973983690872,1,525,94.86625870919264
2023-12-30,-12.615232335331138,20,80,50.785091466119454,1,526,94.85879711147528
2023-12-31,7.27625827654594,20,80,75.02508878470314,0,526,94.85185001426207
2024-01-01,-4.099718689096402,20,80,57.19835636773959,1,527,94.84460542668734
2024-01-02,7.581156064043089,20,80,87.50623957330491,0,527,94.83766249688806
2024-01-03,0.3784597057063692,20,80,72.63464549010197,1,528,94.83053030372415
2024-01-04,0.7766598844364889,20,80,69.28357066581441,1,529,94.82340619366443
2024-01-05,3.152265299833159,20,80,60.200610896376794,0,529,94.81634223161886
2024-01-06,3.2841273303031358,20,80,98.97402991580455,1,530,94.80927945766426
2024-01-07,-3.6054318088038158,20,80,59.08090145949711,0,530,94.80203599427936
2024-01-08,-3.5667824519472493,20,80,57.43413027773855,1,531,94.79479124050155
2024-01-09,5.839713181140825,20,80,77.50323105123425,1,532,94.7877889057056
2024-01-10,6.86212082259256,20,80,42.11081703439178,0,532,94.78081162192531
2024-01-11,0.820457740320899,20,80,55.965527575846856,1,533,94.77367486665683
2024-01-12,8.427089324583324,20,80,42.90353932918545,0,533,94.76673456964653
2024-01-13,-4.119406582761324,20,80,39.57197236084902,1,534,94.75946532024588
2024-01-14,5.035400110993118,20,80,47.526696853098215,1,535,94.75243226831655
2024-01-15,0.192079937001278,20,80,52.953429958738205,0,535,94.74527145303408
2024-01-16,7.031993241117888,20,80,39.581157431718786,1,536,94.73828665917094
2024-01-17,6.581251915993205,20,80,90.97489025079605,0,536,94.7312885667638
2024-01-18,6.632113994769529,20,80,46.427168603529694,1,537,94.72428958685266
2024-01-19,4.4876586973715735,20,80,98.99422707433199,1,538,94.71723244844178
2024-01-20,9.569255268038003,20,80,47.66198487074644,0,538,94.71030634629355
2024-01-21,3.700805288609933,20,80,47.12289225564304,1,539,94.70322487538778
2024-01-22,-1.7895990391611627,20,80,63.51260652374685,0,539,94.69599849515407
2024-01-23,-1.5402218846720857,20,80,84.83210108624512,1,540,94.68877634344413
2024-01-24,-0.24112517289928892,20,80,66.47271146814305,1,541,94.68158584731475
2024-01-25,-2.5767981388463594,20,100,47.222719459407784,0,541,94.67433272998872
2024-01-26,6.397925185007502,20,100,72.71841441042773,1,542,94.66731190593175
2024-01-27,-3.5558810074013762,20,80,59.99888825846873,1,543,94.66002860559117
2024-01-28,5.670976526427504,20,80,48.17204307263842,0,543,94.65298500066277
2024-01-29,0.38918840037265046,20,80,81.49512774937917,1,544,94.64580099645022
2024-01-30,-4.585314990330439,20,80,30.47570103524035,1,545,94.63848454672593
2024-01-31,-0.8929152229184494,20,80,65.16145353726621,0,545,94.63126312903643
2024-02-01,-1.5044223095479787,20,80,85.72955726671036,1,546,94.62402342117105
2024-02-02,-3.9185500503784527,20,80,68.38234186742349,0,546,94.6167188924967
2024-02-03,-3.471071088054267,20,80,39.827506767041484,1,547,94.60942378188015
2024-02-04,7.334003746302622,20,80,40.00126633755704,1,548,94.60240952008851
2024-02-05,-2.133213245859478,20,80,89.04970805554251,0,548,94.59514556549148
2024-02-06,-2.0435647497200766,20,100,93.29122293777019,1,549,94.58788167085434
2024-02-07,2.2728611387028472,20,80,86.323564319132,1,550,94.58072869553594
2024-02-08,5.96304107601596,20,80,94.17022997120262,0,550,94.57367094948566
2024-02-09,7.885926388398005,20,80,40.99170804642385,1,551,94.56666143871247
2024-02-10,2.6041302309831114,20,80,41.79206241677946,0,551,94.55951175013627
2024-02-11,4.659306553133598,20,80,31.354346649699345,1,552,94.55241376902804
2024-02-12,1.3048437996685394,20,80,37.72832824806306,1,553,94.54522545054337
2024-02-13,6.8687919371734445,20,80,65.86681666459029,0,553,94.53818171290744
2024-02-14,-2.0241333148764227,20,80,62.45871518677191,1,554,94.53090206878555
2024-02-15,6.360252689225453,20,80,44.107933922140816,0,554,94.52384119613119
2024-02-16,2.0343575536406666,20,80,63.5753890864531,1,555,94.51666436401585
2024-02-17,4.3942775835703305,20,80,68.82905172322987,1,556,94.50954733980517
2024-02-18,-3.8995355007167394,20,80,77.67925889107178,0,556,94.50221057225274
2024-02-19,43.53810047544836,20,80,32.144967827498945,1,557,94.49514415134871
2024-02-20,0.5601712639908731,20,100,68.22686854129397,1,558,94.48792015820423
2024-02-21,1.827718977698968,20,80,50.59857811448566,0,558,94.48072794996108
2024-02-22,2.719962387734557,20,80,50.623078731664855,1,559,94.47355697879239
2024-02-23,2.9380803968482585,20,80,98.6124089033949,0,559,94.4663901780599
2024-02-24,0.08696987817313673,20,80,90.81146352454066,1,560,94.45914599526664
2024-02-25,8.092376078686815,20,80,63.35310999473228,1,561,94.45211055088257
2024-02-26,9.434767066599253,20,80,91.78997820022403,0,561,94.44510895392895
2024-02-27,9.661900434170517,20,80,68.63571635783941,1,562,94.43811114730336
2024-02-28,5.758050985047024,20,80,30.897678961414826,0,562,94.43100882558515
2024-02-29,9.347951414764227,20,80,34.557119937453706,1,563,94.42399900064039
2024-03-01,9.42907893958124,20,100,60.21989989093737,1,564,94.41698911575384
2024-03-02,6.942680244554964,20,80,33.87055820704809,0,564,94.40991204941103
2024-03-03,6.180450181698779,20,80,30.845988913007115,1,565,94.40281263115517
2024-03-04,13.200948799774903,20,100,68.84323037536049,1,566,94.39589645136326
2024-03-05,17.35211674505399,20,80,88.83348309251323,0,566,94.38908844501404
2024-03-06,18.957037841399696,20,80,60.12536190569851,1,567,94.38232072375165
2024-03-07,9.863760534226529,20,80,83.33956975371657,1,568,94.37531045068347
2024-03-08,15.023725868437788,20,80,47.85178780800321,0,568,94.3684351030378
2024-03-09,5.590614902625852,20,100,74.03928365144989,1,569,94.36130805239138
2024-03-10,16.255608942563256,20,80,79.70520790539263,1,570,94.35446099101748
2024-03-11,5.048938742064565,20,80,72.11328027497864,0,570,94.34731580799338
2024-03-12,5.797991539702176,20,100,80.05232896581379,1,571,94.34018821780923
2024-03-13,11.08999829438386,20,80,79.08688637625116,1,572,94.33319855288217
2024-03-14,5.298929823439845,20,80,55.74700411258473,0,572,94.32605394897439
2024-03-15,19.70796857333192,20,80,71.94388098611432,1,573,94.31928893367949
2024-03-16,18.15187075703929,20,80,65.93008820968782,0,573,94.3124811951247
2024-03-17,-10.293439904289954,20,80,61.438815028475176,1,574,94.30491714777878
2024-03-18,15.870221449950982,20,80,58.32243236911096,1,575,94.29804463203239
2024-03-19,19.038471196134235,20,80,73.05641192023492,0,575,94.2912546599124
2024-03-20,19.180776978513187,20,80,43.67078877935068,1,576,94.28446633857205
2024-03-21,16.57842237786761,20,80,69.08503227084415,0,576,94.27760746457173
2024-03-22,11.439188259539405,20,80,94.93781808066254,1,577,94.27060999910589
2024-03-23,11.33386742602379,20,80,96.31486831592863,1,578,94.26360754731115
2024-03-24,9.757312128940676,20,80,30.020692823061598,0,578,94.25656168793088
2024-03-25,9.398420039057957,20,80,76.63944884740533,1,579,94.24950408840188
2024-03-26,7.624026681323095,20,80,34.24971525366825,0,579,94.24239778956151
2024-03-27,12.73069797099995,20,80,56.810713045698776,1,580,94.23542503610281
2024-03-28,18.539950740655208,20,100,68.97504789712153,1,581,94.22860459744832
2024-03-29,18.76527204896712,20,80,77.35751938985604,0,581,94.221788665512
2024-03-30,12.18403218155591,20,80,31.032785810398728,1,582,94.2147954857178
2024-03-31,18.185961898053076,20,80,61.350046679734895,1,583,94.20795987420524
2024-04-01,15.705969804588188,20,80,83.93020233233563,0,583,94.20105674919665
2024-04-02,5.278509852014903,20,80,55.417026793697886,1,584,94.19387377358025
2024-04-03,9.581760871447159,20,80,59.88733691349076,0,584,94.18680385892216
2024-04-04,48.15143316239053,20,100,96.15860968363394,1,585,94.17952568435527
2024-04-05,19.9964085012067,20,80,75.14753480154778,1,586,94.17272894158809
2024-04-06,8.002329776379923,20,80,58.403065233059635,0,586,94.16561096569724
2024-04-07,8.518708060438142,20,80,74.04775255422948,1,587,94.15850453912113
2024-04-08,44.00672963770579,20,80,48.48709911571344,1,588,94.15132852680378
2024-04-09,17.480390756393412,20,80,81.43639389603698,0,588,94.14445745039465
2024-04-10,13.503068070838513,20,80,69.71280614555955,1,589,94.13747807578856
2024-04-11,6.005323193827806,20,80,37.18096469125041,0,589,94.13029702499675
2024-04-12,15.086498839140694,20,80,61.73969896564594,1,590,94.12335624074278
2024-04-13,16.372631838423004,20,80,33.280362589544104,1,591,94.11644764859709
2024-04-14,18.807105499038812,20,80,34.78603667039687,0,591,94.1096026006487
2024-04-15,9.676302984858374,20,100,51.015109357361865,1,592,94.10251138360903
2024-04-16,19.224104250658478,20,80,93.81556639052651,1,593,94.09567321741874
2024-04-17,7.905904352351851,20,80,82.52480430263503,0,593,94.08853090894301
2024-04-18,5.921322144328834,20,80,40.82069997831096,1,594,94.08133328992008
2024-04-19,5.332335423450129,20,100,49.18164650606866,1,595,94.07411766957563
2024-04-20,15.331065201781728,20,100,34.574969439858066,0,595,94.06716808228856
2024-04-21,19.928134862683134,20,80,98.21009839712623,1,596,94.06033940230057
2024-04-22,18.07436663820798,20,80,66.94207463404523,1,597,94.05345895298538
2024-04-23,5.917480834517963,20,80,94.71047195914596,0,597,94.04625138072639
2024-04-24,13.098274741398496,20,80,72.26494252938187,1,598,94.03923396839186
2024-04-25,6.215568968038598,20,100,49.65372487828013,1,599,94.03202989982117
2024-04-26,14.843687541942712,20,80,44.94555100032863,0,599,94.02505557465706
2024-04-27,18.30802590885626,20,80,59.23926420639671,1,600,94.0181719820267
2024-04-28,7.701412867438481,20,80,76.56166228869003,0,600,94.01100240412039
2024-04-29,12.816345149949186,20,80,38.74583407311914,1,601,94.00396783435333
2024-04-30,19.225977046477162,20,80,56.66161763360368,1,602,93.99710310624152
2024-05-01,12.179769418288775,20,80,66.35407903449196,0,602,93.99004773790669
2024-05-02,11.917477332938432,20,80,36.548139361922274,1,603,93.98298313376873
2024-05-03,7.6179705715354515,20,80,95.98444915355118,0,603,93.97580152071937
2024-05-04,9.328278936344997,20,80,82.83167896751749,1,604,93.96866362818838
2024-05-05,11.55811973385684,20,80,65.14387343592722,1,605,93.96158344721658
2024-05-06,13.785924426817745,20,80,80.60703128087404,0,605,93.95456162211754
2024-05-07,13.194627630554864,20,80,84.66507903256189,1,606,93.94752171696956
2024-05-08,10.159243690961812,20,80,61.692970248420814,0,606,93.9403986517026
2024-05-09,17.37700690423191,20,80,39.05346728259948,1,607,93.93346756227285
2024-05-10,19.290373739731294,20,80,60.35997808102311,1,608,93.92658581513743
2024-05-11,5.43581713739049,20,80,38.05586805579435,0,608,93.91932964244663
2024-05-12,9.186455803159062,20,80,69.0240535338667,1,609,93.9121722103347
2024-05-13,9.295363436984157,20,80,32.303793775171535,0,609,93.90501616614462
2024-05-14,17.627507191966806,20,80,85.78876099446896,1,610,93.8980823763161
2024-05-15,12.205156398897504,20,80,64.56473155067523,1,611,93.89100030943607
2024-05-16,15.974402995631255,20,80,67.53412900341459,0,611,93.88401831406779
2024-05-17,15.320818239002604,20,80,63.79029257368166,1,612,93.87701653178497
2024-05-18,7.856791862925828,20,80,56.72970887205494,0,612,93.86981194206695
2024-05-19,14.887264667961906,20,80,84.82744724247188,1,613,93.86279478360213
2024-05-20,6.144403004019871,20,100,58.870391178666225,1,614,93.85553951864748
2024-05-21,19.019392912693007,20,80,76.71310667924887,0,614,93.8486302059585
2024-05-22,16.739408132283792,20,80,80.59074107787478,1,615,93.84165719403522
2024-05-23,17.509854133553233,20,80,40.1434699175446,1,616,93.8347028313235
2024-05-24,13.48026089801585,20,80,60.17627202256908,0,616,93.82763811502343
2024-05-25,12.234117202066372,20,80,89.36317614242952,1,617,93.8205375379937
2024-05-26,5.947086664324134,20,80,70.87835850956104,0,617,93.81326550479261
2024-05-27,11.032654818723628,20,80,36.447837205109124,1,618,93.80612871789126
2024-05-28,5.712180262182146,20,80,31.981257240228356,1,619,93.79884583072466
2024-05-29,10.763460864165694,20,80,42.70364680994095,0,619,93.79169801791127
2024-05-30,-13.757027136753926,20,80,83.03022933455946,1,620,93.7838844900915
2024-05-31,6.676375340393298,20,80,56.05580090251342,0,620,93.77662231192521
2024-06-01,34.23288938736785,20,80,97.25390495716258,1,621,93.76960400516653
2024-06-02,29.93245097079413,20,80,87.68111648774865,1,622,93.76269999213882
2024-06-03,17.3805703141677,20,80,72.77083665937964,0,622,93.7557217116505
2024-06-04,33.168952935784866,20,80,51.00448208772833,1,623,93.74872638479917
2024-06-05,32.30675344705165,20,100,89.0804620461978,1,624,93.74175226585518
2024-06-06,21.820048005149,20,80,95.48020008347447,0,624,93.73488852711374
2024-06-07,32.47911458932464,20,80,34.99698617307334,1,625,93.72790608150831
2024-06-08,29.419175885865954,20,80,48.99236251866536,0,625,93.72100513562211
2024-06-09,21.255015900502194,20,80,30.776772559347986,1,626,93.7141203515252
2024-06-10,21.24331865426565,20,80,97.76064532732013,1,627,93.70723312447333
2024-06-11,21.94351527618697,20,80,71.57024719621336,0,627,93.70036342795342
2024-06-12,26.07948667874797,20,80,84.85645112555306,1,628,93.69354529721711
2024-06-13,21.5101699932875,20,80,92.66747575202965,0,628,93.68666023674824
2024-06-14,22.96115332079322,20,80,35.62041666994096,1,629,93.67981247455383
2024-06-15,20.372554900562356,20,80,81.15409130998333,1,630,93.67289224752183
2024-06-16,25.81625763843858,20,80,71.40907558236168,0,630,93.66607413946
2024-06-17,19.08740380715677,20,80,50.382177323173366,1,631,93.6591153489999
2024-06-18,22.73800296995126,20,80,67.08704932802797,0,631,93.65225435637032
2024-06-19,29.711166582807152,20,80,49.15953494163246,1,632,93.64532461598407
2024-06-20,26.861568294448343,20,80,65.64887783322737,1,633,93.63847029062293
2024-06-21,16.334611962537508,20,80,87.77769772678359,0,633,93.63142929460116
2024-06-22,17.932909403280355,20,80,91.66784012267168,1,634,93.62442964901996
2024-06-23,30.622769038467457,20,80,73.42753489086965,0,634,93.6174678412028
2024-06-24,25.723132423962475,20,80,90.5328049545907,1,635,93.61063737029879
2024-06-25,17.65412398271749,20,80,62.443944460759454,1,636,93.60362431642059
2024-06-26,28.727397576185737,20,80,70.80715171240826,0,636,93.59670839269616
2024-06-27,23.19052369104299,20,80,83.44965998624943,1,637,93.5898426333346
2024-06-28,30.228091180724658,20,80,67.60876321472804,0,637,93.58288217548125
2024-06-29,17.380287259115818,20,80,80.28364406085768,1,638,93.5758543323035
2024-06-30,34.66255157356366,20,80,98.40622698096568,1,639,93.56876858106118
2024-07-01,27.58001141542659,20,80,98.40318928116601,0,639,93.5618746279064
2024-07-02,33.4559284346844,20,80,87.76369785927969,1,640,93.55481812677719
2024-07-03,47.20351678946918,20,80,98.74952189202499,0,640,93.54738469469999
2024-07-04,48.140807169940274,20,80,50.69737409157609,1,641,93.53992337312366
2024-07-05,23.889627223646475,20,80,59.02291280405957,1,642,93.53306174269785
2024-07-06,22.51192142126261,20,100,50.07126798996201,0,642,93.52616099392756
2024-07-07,29.149519800940283,20,80,63.282461009242965,1,643,93.51921270147038
2024-07-08,26.58576842297014,20,80,99.44534864984173,1,644,93.51233238681195
2024-07-09,18.795514919691808,20,80,30.969724144989556,0,644,93.50532426619341
2024-07-10,34.7661057947385,20,80,92.63366116622404,1,645,93.49821653960146
2024-07-11,25.82342756805121,20,80,76.50537343841101,0,645,93.49135203976952
2024-07-12,22.33925328879186,20,80,53.90925806078721,1,646,93.48443513299121
2024-07-13,28.558712382915243,20,80,62.897074052886914,1,647,93.47749151198693
2024-07-14,15.869656112822737,20,100,37.933159782607554,0,647,93.47039380194771
2024-07-15,22.59590997316691,20,100,37.781288307404154,1,648,93.46347820538176
2024-07-16,28.403054181889992,20,80,34.80988549357261,1,649,93.45653310761993
2024-07-17,30.674320073268024,20,80,61.3259811651396,0,649,93.44952426867731
2024-07-18,34.2014200376959,20,80,36.39982048865071,1,650,93.44241656095957
2024-07-19,24.537868558628723,20,80,39.653627759356525,1,651,93.43554639155612
2024-07-20,16.285493029473685,20,80,35.82338194260425,0,651,93.42844834981759
2024-07-21,21.81833424893914,20,80,35.85802311557724,1,652,93.42149997613592
2024-07-22,15.003936607554742,20,80,80.21272222757318,0,652,93.41436306909466
2024-07-23,34.16608108182692,20,80,77.53891415520383,1,653,93.40724676442872
2024-07-24,17.523548140137176,20,80,74.24313403513442,1,654,93.40017468764749
2024-07-25,23.96091512018593,20,80,85.8561666603933,0,654,93.39327795978397
2024-07-26,33.420759526875806,20,80,79.00145019969369,1,655,93.38617626207531
2024-07-27,29.98772826060701,20,80,72.71095602669627,0,655,93.37916741927879
2024-07-28,-14.821900964198464,20,80,56.18143999389839,1,656,93.37119865034182
2024-07-29,16.65407289087287,20,80,75.72046119706101,1,657,93.36409315067722
2024-07-30,15.664876725261843,20,80,83.13154341018307,0,657,93.35695892996513
2024-07-31,17.334300545353546,20,80,77.22091675516833,1,658,93.34986846463428
2024-08-01,23.279696133185595,20,80,79.36546811949745,0,658,93.34294013512827
2024-08-02,20.6213058874242,20,80,30.563442826590148,1,659,93.3359364936666
2024-08-03,29.836664864674937,20,80,80.24815135643544,1,660,93.32891809642508
2024-08-04,16.473401616688566,20,80,48.87555274010421,0,660,93.32179656550518
2024-08-05,19.014229475206577,20,80,43.63602422632711,1,661,93.31474286890187
2024-08-06,34.28076367787219,20,80,71.79476353086184,0,661,93.30759686402442
2024-08-07,26.38825667116867,20,80,70.73391607147124,1,662,93.30066626500216
2024-08-08,31.484700254199332,20,80,78.60787975623845,1,663,93.29359299880294
2024-08-09,28.055322881654234,20,80,63.96367474468076,0,663,93.28661282851574
2024-08-10,23.0023039499291,20,80,62.40399843007429,1,664,93.27965970698168
2024-08-11,22.081756398430585,20,80,74.86753210678026,0,664,93.27267970782148
2024-08-12,16.34520476484733,20,80,35.514131573681105,1,665,93.2655392112626
2024-08-13,15.301979327095419,20,80,81.49812156902661,1,666,93.25836772512938
2024-08-14,30.99372762796704,20,80,62.58857652839533,0,666,93.25129703585742
2024-08-15,29.76049198434268,20,80,97.82843374298828,1,667,93.2442582604579
2024-08-16,24.10523687974341,20,80,87.06706916790353,0,667,93.23732482478457
2024-08-17,27.27719913814009,20,80,84.50875925416378,1,668,93.23035105746645
2024-08-18,16.815265516542574,20,80,89.14038511299538,1,669,93.22321180816819
2024-08-19,26.432129971194733,20,80,55.67152867248355,0,669,93.21625781004975
2024-08-20,20.923875295829497,20,80,79.76352125285837,1,670,93.2092285413759
2024-08-21,22.479120124286073,20,80,69.28943450751564,0,670,93.20224082371458
2024-08-22,33.713427892951515,20,80,92.3715875075782,1,671,93.19507956316545
2024-08-23,17.72911050854892,20,80,56.26310570812045,1,672,93.18795606069635
2024-08-24,16.321940795780996,20,80,89.54196111530518,0,672,93.18079208283021
2024-08-25,24.826994464023016,20,80,60.436086510964856,1,673,93.17386153649373
2024-08-26,26.58595796973438,20,80,98.24805737553989,0,673,93.16689037578604
2024-08-27,32.55799290050161,20,80,71.76835114849504,1,674,93.15975156172419
2024-08-28,17.773196596277717,20,80,41.04427299964719,1,675,93.1526197547988
2024-08-29,21.280814261873534,20,80,43.90578896628213,0,675,93.14558371513247
2024-08-30,31.95472916977416,20,80,85.79430569210786,1,676,93.13845577799196
2024-08-31,24.28251406344428,20,80,87.28511912784626,0,676,93.13149939563023
2024-09-01,15.91414289526781,20,80,96.24274846235843,1,677,93.12430863617857
2024-09-02,6.3607811141397965,20,80,75.87532897359443,1,678,93.11685045927248
